4.586,16.61725,0.271,0.6667451,1.128352,297,7.184801
4.67,14.8909,0.274,0.4277366,2.887814,308,7.297613
4.712,10.9008,0.246,0.4588958,2.585405,312,7.265176
4.938,14.16765,0.291,0.4888414,2.937014,310,7.226126
4.805,13.191,0.304,0.7331291,1.067391,312,7.189657
6.967,11.85047,0.293,0.7692793,0.6712523,312,7.177
8.524,9.119405,0.335,0.7052241,1.302532,320,7.189625
8.524,12.19569,0.383,0.5534747,5.068455,336,7.337699
8.524,16.79253,0.383,0.3796704,6.660355,322,7.419739
8.524,18.19434,0.383,0.698591,2.686403,318,7.201319
8.524,19.91481,0.308,0.7288113,2.017137,307,7.216614
8.524,18.62564,0.319,0.8151432,1.357717,306,7.219734
8.524,29.08984,0.319,0.3327365,6.681655,327,7.435773
8.524,27.17473,0.319,0.3858891,5.310755,314,7.312961
8.524,21.99821,0.319,0.6645933,2.352777,321,7.19805
8.524,24.28963,0.319,0.8792276,0.9287251,323,7.212114
8.524,17.96607,0.311,0.8812165,1.186992,325,7.205741
8.524,20.04084,0.311,0.6063493,4.407425,351,7.289747
8.524,28.28131,0.311,0.9465443,1.798719,325,7.236607
8.524,27.44729,0.311,0.6887888,3.789248,332,7.340775
8.524,27.23989,0.311,0.6316181,4.174902,332,7.392746
10,32.36797,0.359,0.6225991,4.096677,335,7.335997
10,34.93259,0.367,0.7400235,2.45392,336,7.277166
12.5,29.80062,0.353,0.9038704,0.929227,338,7.230653
20,31.2732,0.362,0.969941,0.886965,340,7.239556
20,28.8156,0.367,0.8998442,2.395434,344,7.300188
4.687,29.13534,0.359,0.6513095,4.411018,346,7.384811
5.52,37.69486,0.396,0.5833071,4.76566,340,7.392765
5.677,47.59355,0.451,0.6292198,3.725586,338,7.375236
4.687,33.35013,0.382,0.8836154,1.255411,337,7.24492
4.791,38.52079,0.397,1.06152,0.8185735,342,7.237535
5,31.41245,0.369,0.9381708,1.948061,344,7.265771
5.104,37.2675,0.388,0.6252715,4.702595,351,7.37812
5.625,44.06359,0.422,0.6493438,4.091479,350,7.370316
5.729,50.1147,0.448,0.6874742,3.283793,347,7.33338
5,36.21719,0.387,0.8691515,1.505452,347,7.226593
5,40.15155,0.39,1.029836,0.5919799,349,7.223997
5,32.3684,0.36,0.8886377,2.042128,351,7.265849
5.156,35.17687,0.399,0.6599578,3.820361,354,7.317602
5.729,44.10694,0.436,0.6778563,3.734192,354,7.309497
5.625,44.0957,0.436,0.7570809,2.509167,351,7.247187
5,41.00166,0.409,0.9548689,0.7926655,356,7.213904
4.947,38.59165,0.411,1.039673,0.607749,360,7.217282
4.375,32.64487,0.354,0.8450246,1.709556,356,7.22135
5.52,40.67089,0.439,0.6962761,2.974354,359,7.258814
5.572,47.0187,0.45,0.6828545,2.975533,362,7.263272
5.494,41.2356,0.42,0.8127597,1.954233,359,7.230443
4.583,30.8896,0.37,0.9478328,0.99621,363,7.223418
4.479,25.25399,0.331,0.9989081,0.6065522,366,7.226672
4.583,22.31526,0.333,0.9248405,0.9814119,368,7.215482
5.52,39.72778,0.435,0.7938349,2.596786,373,7.224561
5.572,40.09964,0.433,0.7628382,3.066413,372,7.242814
5.598,40.34913,0.423,0.8982008,2.069659,375,7.222983
4.791,22.89487,0.303,0.817512,2.020273,370,7.219878
4.583,16.68247,0.278,0.8280953,1.647891,365,7.224067
5.729,34.56759,0.383,0.9534577,2.08409,366,7.209016
14.895,35.4562,0.956,5.298544,0.2514068,398,7.265042
14.947,28.54524,1.08,5.722634,0.2073023,433,7.319998
20,31.5407,1.887,10.23195,0.1222269,609,7.23851
20,26.56723,1.858,9.642174,0.1413404,590,7.176691
20,24.20327,1.789,9.171688,0.1408728,573,7.168761
17.916,23.33482,1.585,7.971513,0.1074698,528,7.207525
17.083,23.17046,1.472,7.176586,0.1171575,509,7.249948
16.562,21.9376,1.498,7.118928,0.09415198,510,7.237082
16.145,19.84919,1.486,7.403563,0.09336871,512,7.278874
15.833,18.62184,1.497,7.542806,0.09819141,512,7.284695
15.312,17.91954,1.505,7.606845,0.1106274,509,7.281641
14.947,16.3383,1.495,7.542491,0.1292431,511,7.268465
12.604,16.11943,1.299,6.389437,0.1555237,484,7.286738
12.5,21.02953,1.495,7.128141,0.1169333,520,7.349652
5.833,26.10564,0.577,3.02842,1.15859,392,7.293045
4.687,24.82625,0.409,1.359657,1.115118,349,7.203315
5.625,40.06525,0.359,0.4823613,2.988026,304,7.302963
5.833,39.10555,0.358,0.3120221,4.604034,306,7.387843
6.77,39.5019,0.356,0.2254606,7.887836,312,7.698367
6.874001,47.4851,0.404,0.3712817,5.83875,318,7.45226
5,35.22427,0.392,1.216046,2.838701,365,7.247105
4.947,31.8812,0.364,1.135879,1.951406,353,7.215823
4.166,30.45021,0.345,1.045869,1.141462,339,7.22876
4.114,31.10571,0.339,0.855405,1.670414,337,7.204891
4.583,39.04488,0.359,0.6677377,3.065974,340,7.203598
4.739,41.63998,0.374,0.6603521,3.21501,338,7.188709
4.973,40.78381,0.378,0.6129506,3.256731,329,7.203211
3.541,26.81705,0.29,0.8814952,1.171639,371,7.201094
3.697,29.80259,0.301,0.8107623,1.822032,348,7.163721
3.776,30.14053,0.311,0.8647785,1.083687,350,7.184762
4.583,40.74775,0.366,0.5829882,3.405662,347,7.178345
4.375,38.28984,0.347,0.6019812,2.147539,345,7.160647
4.27,36.9928,0.335,0.5865832,2.28636,348,7.159273
3.541,27.30674,0.285,0.7158729,1.105155,344,7.171359
3.385,26.71414,0.29,0.7424634,0.750352,342,7.183459
3.75,32.42595,0.309,0.7233799,1.178411,346,7.16521
4.27,40.87199,0.341,0.6236685,1.537711,345,7.144881
4.27,38.69526,0.346,0.6147657,1.410734,344,7.151707
4.27,36.659,0.323,0.6818251,1.586866,349,7.158882
3.541,25.36282,0.284,0.7812385,0.894165,348,7.176883
3.541,26.28051,0.283,0.8095748,0.4100658,346,7.211237
3.645,29.82947,0.301,0.7537044,0.6321737,345,7.185244
4.479,42.87585,0.359,0.6026438,1.690961,347,7.146091
4.479,39.97998,0.32,0.3682494,2.889246,317,7.239779
3.854,38.913,0.307,0.2943124,2.637931,321,7.255808
3.437,25.79286,0.238,0.3079533,2.501065,317,7.279384
3.541,27.58102,0.269,0.4690672,1.775153,326,7.179354
4.166,41.88191,0.327,0.5952706,4.014089,335,7.359935
4.687,42.86479,0.343,0.5262185,4.718195,333,7.440118
5.729,35.89884,0.418,1.712565,3.456012,365,7.374394
9.27,21.49377,0.671,3.599838,0.2560956,449,7.332053
10.312,20.35943,0.897,4.265473,0.2098182,481,7.33926
10.624,20.33974,0.953,4.604396,0.1983533,480,7.325117
10.104,17.98627,0.9,4.438177,0.1847955,472,7.32268
8.958,16.91434,0.879,4.277334,0.1808797,472,7.335665
6.354,16.47993,0.657,3.803807,0.9993172,423,7.307539
5.52,17.40703,0.606,3.704258,0.6113929,417,7.295693
4.479,13.96434,0.494,2.975187,0.4570682,400,7.283112
4.322,15.69809,0.489,2.928998,0.3664165,401,7.288072
4.14,15.20633,0.46,2.669679,0.8538914,403,7.300252
3.645,15.11563,0.424,2.27569,1.953297,407,7.322906
3.645,20.58411,0.389,1.825802,1.995734,395,7.306788
3.489,20.43329,0.338,1.515922,1.680151,380,7.281032
3.359,14.82881,0.321,1.881887,0.9587712,388,7.267884
3.359,15.49557,0.324,1.723449,0.7596373,382,7.260335
3,13.53203,0.3,1.517114,1.292001,386,7.276082
3,14.85604,0.296,2.189361,2.51882,402,5.833914
3.666,20.46918,0.267,1.435657,2.998441,405,7.256733
3.555,17.76946,0.25,1.528288,2.025142,401,7.235319
3.388,19.24527,0.24,1.365203,2.069748,401,7.221905
3,15.34405,0.238,1.541859,1.821091,411,7.227369
3.055,16.60184,0.247,1.439951,2.477658,411,7.248956
3.555,20.00715,0.275,1.438964,3.648616,428,7.272998
3.666,25.451,0.294,1.482542,2.694005,429,7.274823
4.222,17.64365,0.289,1.96758,1.824042,434,7.274754
3.777,12.52555,0.279,2.151721,1.3664,432,7.27773
3.666,11.28268,0.238,1.707499,1.494304,420,7.280317
3.666,17.80401,0.277,1.851272,2.189636,431,7.286077
3.666,19.99779,0.28,1.877587,2.958137,447,7.30896
0.008,22.06624,0.28,1.72012,4.222546,451,7.359698
0.012,19.23431,0.272,1.876736,3.100072,452,7.329877
0.004,13.65627,0.293,2.580909,1.425776,458,7.321276
0.018,10.06667,0.232,2.061701,1.891364,447,7.305992
0.012,17.45574,0.241,1.731615,3.253216,445,7.343978
0.013,21.68969,0.505,3.789021,2.71664,490,7.381733
0.007,18.7311,0.416,2.758143,6.791368,473,7.519651
0.012,16.52826,0.383,2.936643,4.269506,465,7.432519
0.016,11.05205,0.451,4.149529,0.8998872,476,7.372581
0.018,8.098267,0.356,3.448171,0.756314,463,7.337913
0.013,9.932043,0.385,3.153722,2.995277,467,7.388673
0.013,17.47826,0.339,2.128533,5.503221,463,7.414739
0.008,30.2647,0.376,1.580933,8.479423,463,7.538962
0.005,24.05883,0.325,1.890331,5.996568,471,7.422048
0.005,12.09061,0.302,2.824038,1.821688,464,7.345648
0.005,11.61815,0.249,2.197628,1.997929,456,7.311007
0.005,12.88222,0.283,2.147865,3.923719,447,7.37706
0.004,17.36499,0.307,1.641925,4.58262,446,7.3913
0.007,26.6198,0.319,0.5887693,11.19273,452,7.642784
0.007,19.27345,0.253,0.8692202,5.649912,443,7.338794
0.015,14.50462,0.236,1.427299,2.352885,446,7.277912
0.005,12.02267,0.218,1.383441,1.830943,445,7.2417
0.018,9.146302,0.197,1.169974,1.938428,421,7.251321
0.018,14.34967,0.229,0.8015782,4.193565,440,7.23807
0.006,19.67525,0.286,0.8355652,3.080461,448,7.216043
0.004,19.55268,0.249,0.4548202,4.622458,450,7.266664
0.004,13.625,0.25,0.8829085,2.012832,450,7.243259
0.004,11.55635,0.222,1.061296,0.9537635,450,7.252456
0.004,8.506914,0.195,0.8638722,2.37569,443,7.255342
0.004,14.28789,0.236,0.6205231,3.828744,460,7.294456
0.004,18.34797,0.274,0.7038441,3.506932,457,7.262026
0.004,9.324832,0.243,1.329519,0.9584187,442,7.269642
0.004,11.72995,0.328,2.555107,0.1138556,451,7.346765
0.004,9.225803,0.235,1.560478,0.3412862,450,7.30006
0.004,6.813574,0.214,1.181837,1.473078,428,7.254005
5,30.44975,0.287,0.4976453,4.424405,359,7.394303
5.312,38.2105,0.349,1.057167,4.938525,370,7.313556
6.071,55.00046,0.427,1.116918,4.812636,369,7.346144
5.937,52.40656,0.426,1.307569,3.70377,377,7.306191
4.955,35.4294,0.319,1.182897,2.451895,379,7.265086
4.732,28.74951,0.286,1.173957,1.857126,376,7.260448
5.089,33.91538,0.311,1.028953,3.288874,382,7.332353
5,33.77152,0.299,0.9547399,4.227074,390,7.371395
5.669,46.28692,0.37,0.8898073,4.409688,387,7.406469
5.625,47.01128,0.376,0.9414676,4.0447,385,7.384981
5.446,47.57038,0.381,0.9300541,3.217016,385,7.345004
4.91,36.24556,0.313,0.9159114,2.243121,388,7.301371
5.223,37.91353,0.336,0.9272359,3.384973,402,7.380954
5.312,35.8344,0.322,0.9609964,4.366102,414,7.437446
6.25,54.91692,0.417,0.9703351,4.340259,412,7.421174
5.58,46.12163,0.357,0.9927513,4.020451,412,7.408564
5.446,42.85648,0.353,1.078986,3.843251,414,7.401706
5.446,40.55629,0.318,0.9111531,3.547894,407,7.380987
5.491,39.64006,0.321,0.8905491,4.428756,416,7.446337
5.535,41.62835,0.331,0.9229851,5.243953,430,7.521953
5.937,46.69512,0.372,0.9857543,5.0471,430,7.50325
5.982,52.19145,0.423,1.023877,5.103882,421,7.505881
5.312,41.45583,0.355,1.044789,3.012492,418,7.345531
4.687,30.28516,0.3,1.022699,2.113103,404,7.293036
4.687,25.86287,0.268,1.069502,2.774976,413,7.322773
4.598,28.09884,0.292,1.065302,4.062172,417,7.395226
4.821,34.83831,0.306,0.9320854,4.308009,410,7.39077
5.312,48.44088,0.386,0.8793174,4.567306,399,7.381668
4.419,32.55381,0.314,1.117647,2.517296,400,7.287218
4.107,23.50372,0.273,1.266353,1.710309,401,7.255042
4.151,22.72129,0.255,1.076039,2.99191,407,7.313018
4.241,26.32719,0.264,0.9382965,3.951569,411,7.35134
4.553,33.793,0.305,0.8816404,3.936635,407,7.325963
4.598,32.99346,0.341,1.100215,3.748793,407,7.299488
4.464,35.05185,0.315,0.932244,2.87,406,7.269452
4.508,30.26076,0.29,1.016793,1.846652,410,7.235567
4.285,25.27575,0.266,1.047751,2.11727,421,7.25993
4.33,23.79224,0.262,1.061947,2.966172,425,7.274948
4.553,30.74748,0.298,1.011096,2.619807,423,7.235001
6.026,57.61503,0.442,0.8815804,3.106677,416,7.235226
4.687,35.60955,0.304,0.8609614,2.13291,413,7.216464
4.196,27.5717,0.262,0.873841,1.322658,409,7.215763
4.196,25.35974,0.252,0.8148541,1.705611,412,7.207933
4.598,30.75315,0.296,0.8185449,3.353395,416,7.241176
4.821,41.77538,0.341,0.6102592,3.990403,408,7.246494
5.044,46.91727,0.374,0.7957626,2.87981,404,7.184519
4.241,35.64935,0.307,0.7831975,2.208964,379,7.142521
4.241,34.97999,0.293,0.6267018,2.262711,377,7.14742
4.107,29.34785,0.3,0.8133122,2.787987,390,7.144201
4.33,33.13562,0.32,0.6518046,3.639498,397,7.140453
4.464,39.62516,0.343,0.5377351,3.67368,397,7.154149
4.419,41.83489,0.342,0.7049748,2.248756,398,7.143065
3.839,33.68664,0.276,0.5382644,1.671377,393,7.153194
3.928,32.55836,0.271,0.4948426,1.440337,390,7.157172
3.928,28.84933,0.263,0.3359659,2.391443,391,7.201759
4.196,34.16257,0.289,0.2365128,4.034393,397,7.278516
8.482,40.23234,0.319,0.2431639,4.058952,398,7.251419
8.482,44.71518,0.342,0.3852469,2.337084,396,7.169159
8.482,34.51425,0.275,0.3880402,1.797388,398,7.180909
8.482,34.72887,0.28,0.3771253,1.749472,398,7.17431
8.482,29.17904,0.258,0.2744988,2.184621,400,7.220376
8.482,33.65578,0.283,0.2337189,3.793972,409,7.264503
8.482,38.61506,0.324,0.2570101,3.998061,407,7.237586
8.482,40.24283,0.319,0.3285926,2.604725,404,7.171394
8.482,40.72581,0.314,0.418785,1.785042,402,7.162419
8.482,36.95504,0.294,0.4872702,1.064606,398,7.185973
8.482,23.01228,0.225,0.3365536,1.707747,404,7.173738
5.937,27.18841,0.242,0.2368306,2.958767,409,7.234447
4.464,45.70449,0.357,0.276613,3.679198,412,7.217864
4.464,44.32563,0.331,0.3690042,2.674974,379,7.151879
4.464,40.78164,0.308,0.3171147,2.652987,376,7.172734
4.464,27.74316,0.291,0.8275399,1.843261,379,7.170767
5.735,41.9819,0.315,0.2163184,4.146634,352,7.232347
6.274,47.13995,0.327,0.1799462,5.525597,339,7.374123
6.568,45.4546,0.326,0.2481547,4.225383,352,7.233719
6.421,44.12337,0.331,0.3127764,3.361619,349,7.172525
5.784,36.83389,0.283,0.3364314,2.915192,345,7.137444
5.588,33.58389,0.259,0.3475933,2.500179,343,7.131876
6.127,42.92673,0.3,0.1816731,4.532333,338,7.257947
6.421,48.19037,0.344,0.1734978,5.296465,345,7.325385
6.225,50.16041,0.352,0.1820855,3.923917,339,7.262797
5.98,45.88393,0.326,0.1823392,3.468094,334,7.24623
5.539,37.09023,0.278,0.1928824,2.99329,338,7.223893
5.294,33.98552,0.259,0.2649843,2.448469,343,7.169109
5.784,39.61995,0.302,0.1710223,4.464489,344,7.288323
6.421,52.2772,0.362,0.167221,5.029575,345,7.334562
6.127,48.7231,0.354,0.1771782,3.721406,343,7.289837
5.931,44.69359,0.319,0.191683,3.064807,345,7.27124
5.637,34.23989,0.278,0.1940582,2.939633,337,7.25209
5.441,34.38911,0.262,0.1888012,2.905301,338,7.227277
5.686,37.66649,0.29,0.1657583,4.663665,344,7.305382
6.519001,49.567,0.351,0.1676694,4.969061,350,7.313725
5.98,47.11412,0.341,0.1925073,3.467211,356,7.240833
5.539,37.27736,0.313,0.2116686,2.966108,358,7.251801
5.294,33.1346,0.275,0.2419253,2.648955,349,7.202965
5.343,34.49661,0.264,0.2117106,2.691716,337,7.194034
5.539,40.50594,0.291,0.1732055,3.647032,331,7.249781
6.372,45.95121,0.364,0.174996,3.612567,337,7.236867
6.421,40.20347,0.37,0.1863893,3.542169,338,7.224451
6.372,42.53271,0.364,0.1830864,3.463406,335,7.230041
6.029,40.57624,0.348,0.1847051,3.046343,337,7.221799
9.166,39.60534,0.334,0.1726384,3.395158,339,7.242718
9.166,39.32262,0.328,0.1647449,4.524313,339,7.299593
9.166,41.53014,0.357,0.1648921,4.880452,342,7.315344
9.166,42.17913,0.336,0.162486,4.567135,340,7.303424
9.166,36.23949,0.314,0.1574813,4.566118,337,7.318835
9.166,29.41719,0.276,0.1663388,4.149001,337,7.282342
9.166,30.85002,0.279,0.1639337,4.162932,340,7.296155
9.166,35.95983,0.318,0.1613301,4.732863,339,7.29562
9.166,38.9039,0.343,0.1658608,4.950108,339,7.268727
9.166,38.98237,0.342,0.1650123,4.806137,340,7.281499
9.166,38.6697,0.343,0.1640151,4.542684,336,7.264345
9.166,34.86721,0.314,0.1844014,4.007288,340,7.216121
9.166,34.57261,0.319,0.1846713,3.844952,340,7.215746
9.166,38.33437,0.335,0.163985,5.084944,336,7.267518
9.166,46.05408,0.356,0.2496904,6.256918,343,7.493068
9.166,43.7853,0.329,0.2256087,6.149005,340,7.525027
9.166,40.68074,0.312,0.2169754,5.865073,336,7.530095
9.166,34.89132,0.289,0.2116123,5.58254,340,7.480965
9.166,37.68622,0.286,0.1881285,5.869042,339,7.507317
9.166,39.91471,0.312,0.1727992,7.375739,344,7.632616
9.166,44.53372,0.332,0.1723976,7.341051,345,7.652976
9.166,43.17357,0.317,0.1813351,6.617506,341,7.620778
9.166,44.1429,0.313,0.1848717,5.956472,341,7.593839
9.166,40.17292,0.289,0.1883428,4.91703,341,7.501385
9.166,38.39124,0.278,0.178534,4.484418,343,7.470516
9.166,41.77685,0.294,0.1707157,4.245625,359,7.463151
9.166,47.86754,0.338,0.1792226,6.877874,338,7.654987
9.166,46.78595,0.33,0.2023169,6.372085,340,7.695395
9.166,44.37447,0.325,0.242161,5.667915,342,7.60589
9.166,44.73472,0.32,0.2055496,4.464505,344,7.507481
9.166,35.21313,0.267,0.209555,3.871906,347,7.453989
9.166,35.03082,0.254,0.2340465,3.793209,347,7.443724
9.166,33.13976,0.256,0.2046046,4.855684,354,7.518528
9.166,31.60164,0.263,0.2591492,3.394978,358,7.373954
9.166,32.50968,0.28,0.3842204,2.718801,363,7.325649
9.166,38.01802,0.293,0.2922869,3.33626,348,7.353441
9.166,35.83781,0.284,0.3379774,3.06392,347,7.355974
9.166,30.77381,0.266,0.3719529,2.739942,353,7.330296
9.166,28.59216,0.255,0.3436875,2.955316,359,7.350348
9.166,32.28384,0.284,0.3469851,2.914496,357,7.320859
9.166,34.89282,0.3,0.2840298,4.946687,365,7.422209
9.166,37.17952,0.323,0.3398779,4.216328,385,7.372572
9.166,38.21639,0.324,0.3237761,3.661151,378,7.331475
9.166,23.37332,0.227,0.2842344,2.68676,416,7.323237
9.166,24.10837,0.232,0.2362164,4.00953,400,7.379391
9.166,37.50201,0.325,0.2155022,4.449428,362,7.413527
9.166,44.01736,0.36,0.2155891,3.839753,343,7.348571
9.166,38.67342,0.315,0.1850236,3.471944,333,7.367111
9.166,37.48439,0.306,0.1668066,3.877961,332,7.404417
9.166,30.25222,0.284,0.1829687,4.562397,341,7.41444
9.166,39.27644,0.31,0.1410546,7.540855,320,7.760885
9.166,38.92228,0.307,0.136887,7.356681,319,7.855873
9.166,37.85263,0.287,0.1346505,7.17959,322,7.835179
9.166,36.10088,0.287,0.1438557,6.863664,330,7.779037
9.166,33.40315,0.268,0.1366144,7.701036,326,7.882441
9.166,31.0608,0.265,0.1425309,9.172676,322,8.048639
9.166,29.1698,0.248,0.1435899,9.084273,317,8.185476
9.166,29.98914,0.251,0.1393596,7.980327,320,8.160378
9.166,30.47414,0.241,0.1375671,7.779144,321,8.055666
9.166,30.55118,0.229,0.1353735,7.63673,323,8.004095
9.166,26.24358,0.224,0.1323409,8.123126,322,8.050391
9.166,25.8321,0.211,0.1401189,9.778835,317,8.222969
9.166,27.71681,0.232,0.1429235,9.604444,316,8.277468
9.166,24.83653,0.227,0.1400981,8.391615,314,8.147015
9.166,24.0369,0.223,0.1667072,7.286372,340,7.747642
9.166,25.56823,0.218,0.1384391,7.496714,319,7.78777
9.166,22.64386,0.203,0.1332728,7.898808,317,7.783201
9.166,21.86096,0.189,0.135039,9.061551,324,7.94549
9.166,21.86096,0.189,0.135039,9.583172,328,7.94549
5,35.9922,0.288,0.6372604,6.58534,372,7.631892
5,25.46106,0.214,0.6351488,7.501773,361,7.696276
5,32.36791,0.257,0.6410218,6.388638,358,7.573222
5,35.82673,0.265,0.5815479,6.054741,348,7.554179
5,38.22358,0.271,0.5527168,5.805141,340,7.526601
5,38.14903,0.281,0.5339304,5.664133,348,7.511352
5,31.1461,0.23,0.5414093,6.543762,355,7.568566
9.166,33.44316,0.248,0.5152364,7.004138,353,7.619233
9.166,31.27831,0.246,0.5219346,6.641469,354,7.591698
9.166,34.16143,0.25,0.4752679,6.651871,347,7.580941
9.166,34.48469,0.251,0.48308,6.432937,346,7.556872
9.166,34.09755,0.242,0.4755211,6.516802,347,7.557845
3.1,28.70131,0.208,0.4793362,6.996233,354,7.610443
3.1,22.53267,0.179,0.5392954,8.236956,363,7.78758
3.1,23.0552,0.197,0.5387569,7.509746,363,7.649343
3.1,30.1787,0.222,0.4808205,7.111776,345,7.646684
3.1,33.18239,0.24,0.4491604,6.768684,332,7.590713
3.1,36.13914,0.237,0.4366873,6.703085,331,7.585476
4.6,27.76531,0.202,0.6509607,7.440781,339,7.644672
4.6,22.81804,0.171,0.7411578,8.483165,357,7.789635
4.6,23.60176,0.192,0.751532,7.550218,353,7.66417
4.6,31.37309,0.219,0.6938021,6.980957,340,7.627628
4.6,35.35205,0.239,0.70456,6.776279,338,7.585986
4.6,35.76836,0.246,0.7222085,6.657396,339,7.571812
4.2,29.00435,0.212,0.7070872,7.200519,347,7.600557
3.7,23.333,0.185,0.7251157,8.019613,349,7.683972
3.7,23.66932,0.19,0.7591593,7.50126,349,7.650275
3.7,31.37584,0.224,0.7689365,7.354528,351,7.628119
3.7,34.33073,0.248,0.7800394,7.077914,349,7.600439
3.7,33.97759,0.258,0.8522196,6.794733,352,7.614964
3.7,32.74244,0.248,0.7689179,7.24025,357,7.611084
3.7,25.01171,0.205,0.7193239,8.249812,349,7.700836
3.7,25.47797,0.207,0.7458583,7.80284,348,7.658247
3.7,25.36427,0.213,0.8597316,7.457962,356,7.582103
3.7,32.11803,0.26,1.10888,6.624524,411,7.482899
3.7,30.24663,0.245,0.8753189,6.233375,364,7.469164
3.7,27.27242,0.199,0.6490965,7.211825,338,7.599035
3.7,23.15107,0.178,0.654251,8.134789,338,7.671568
3.7,17.90582,0.151,0.659052,7.898467,334,7.664356
3.7,25.57878,0.197,0.7231718,7.442086,345,7.615507
3.7,26.61619,0.215,0.7488895,7.257108,344,7.559514
3.7,30.5114,0.247,1.047563,6.447997,351,7.485881
4.3,25.00073,0.208,0.6916763,7.421926,346,7.586649
4.3,19.11996,0.164,0.6789475,8.511408,348,7.704253
4.3,20.34049,0.175,0.6882718,7.878044,341,7.645668
4.3,25.50258,0.207,0.8107258,7.107138,346,7.549232
4.3,29.04544,0.228,0.8885186,6.877623,342,7.50306
4.3,30.27591,0.265,1.790505,6.233968,353,7.443091
4.3,25.07474,0.206,0.7649845,7.184128,347,7.532775
4.3,18.69936,0.159,0.6948526,8.439806,346,7.686721
4.3,16.78698,0.176,0.8525584,7.469297,343,7.527153
4.3,22.53829,0.191,0.7594311,7.199783,340,7.559824
4.3,24.57076,0.214,0.776269,7.047543,342,7.536159
4.3,27.07825,0.24,0.8574135,6.654649,344,7.505926
4.3,20.57871,0.181,0.6917886,7.56406,338,7.606384
4.3,18.05534,0.167,0.6799949,8.36063,344,7.683548
4.3,19.52373,0.173,0.6772901,7.706664,336,7.624677
4.3,25.37585,0.201,0.6727182,7.267651,332,7.587485
4.3,26.28459,0.218,0.7103812,7.077714,335,7.553669
4.3,27.06121,0.273,0.7794204,6.607455,339,7.484483
4.3,22.03644,0.191,0.6177509,7.414818,333,7.603505
4.1,18.84521,0.169,0.6627563,8.253902,345,7.689484
4.1,16.87121,0.156,0.6319782,7.714484,335,7.635211
4.1,24.92086,0.194,0.6036955,7.352931,327,7.620925
4.1,26.66684,0.212,0.6280347,6.959998,333,7.550548
4.1,26.98793,0.217,0.6349982,7.100365,333,7.566782
4.1,22.69297,0.18,0.5982217,7.474341,331,7.616066
4.1,19.23077,0.167,0.6311433,8.338564,343,7.734948
4.1,18.53508,0.164,0.6295888,7.822919,340,7.646621
4.1,21.30653,0.188,0.6092101,7.642287,330,7.617044
4.1,32.0573,0.247,0.810199,6.576713,371,7.506006
4.1,26.86794,0.216,0.6392577,6.619827,339,7.528923
4.1,20.65581,0.166,0.5617822,7.552478,328,7.643382
4.1,16.57768,0.142,0.5950615,8.752417,340,7.779697
4.1,16.44905,0.148,0.5982085,7.925291,339,7.687695
4.1,21.12996,0.18,0.6034642,7.443584,331,7.643094
4.1,23.42166,0.192,0.6311377,7.241887,333,7.593436
4.1,25.13128,0.201,0.6292273,7.04528,337,7.568869
4.1,20.73401,0.169,0.5936904,7.691444,335,7.653806
4.1,15.6824,0.158,0.63795,8.663764,348,7.747045
4.1,16.13091,0.158,0.6374578,7.729798,342,7.663227
4.1,22.55675,0.19,0.6370548,7.296479,338,7.606005
4.1,23.89554,0.2,0.6546915,7.105196,339,7.567408
4.1,25.45127,0.206,0.6657173,7.015864,340,7.574126
4.1,20.55902,0.183,0.6083412,7.658363,339,7.632966
4.9,16.11232,0.147,0.9218903,9.031225,348,7.83046
4.9,19.56336,0.165,0.9534085,8.007625,342,7.745026
4.9,24.06048,0.188,0.9164385,7.636256,338,7.71698
4.9,27.18332,0.203,1.104341,7.221972,343,7.654248
4.9,26.89493,0.194,0.9850348,7.103692,344,7.664842
4.9,23.24454,0.179,0.8338569,7.122344,344,7.664938
4.9,15.94577,0.154,0.7954944,8.076485,347,7.725634
4.9,18.6928,0.168,1.048,7.320093,345,7.684395
4.9,25.93091,0.201,1.042307,7.231885,345,7.680169
4.9,26.18591,0.2,0.9750984,7.151671,345,7.683491
4.9,23.94592,0.189,0.8194855,7.235008,350,7.677405
4.9,18.93592,0.164,0.714011,8.369259,347,7.78622
4.9,15.55271,0.15,0.6927524,8.896078,349,7.837976
4.9,18.01274,0.159,0.645027,7.851726,343,7.778135
4.9,20.18718,0.169,0.7049245,7.516645,346,7.732015
4.9,21.6186,0.181,0.7683812,7.270384,347,7.706859
4.9,21.90189,0.181,0.6591561,7.397845,350,7.720028
4.9,16.70244,0.154,0.6261901,8.451893,349,7.833177
4.9,13.92626,0.143,0.6059673,9.056275,350,7.873565
4.9,16.91835,0.161,0.7713752,7.920245,349,7.781537
4.9,20.33522,0.178,0.8605636,7.525362,350,7.755784
4.9,21.93712,0.18,0.7653567,7.371117,351,7.738251
4.9,20.258,0.174,0.6420862,7.510644,356,7.740707
4.1,15.54041,0.146,0.6018953,8.87503,353,7.827024
4.1,13.28934,0.133,0.6117384,9.21351,346,7.915909
4.1,14.9418,0.139,0.6645269,8.047401,348,7.826505
4.1,17.36034,0.154,0.7675143,7.663646,355,7.76466
4.1,18.95131,0.167,0.8915049,7.465898,357,7.735562
4.1,18.66454,0.167,0.7442557,7.511415,361,7.730194
4.1,13.86767,0.142,0.6954983,8.780124,362,7.80613
4.1,11.33673,0.131,0.6784639,8.97084,358,7.842628
4.1,13.9937,0.135,0.6463797,7.919698,353,7.790453
4.1,17.06312,0.155,0.6475966,7.543791,357,7.748625
4.1,19.36919,0.165,0.7841276,7.4113,356,7.713139
4.1,19.04058,0.162,0.6291037,7.352631,358,7.716533
4.1,12.79041,0.129,0.5753063,8.777259,359,7.822
4.1,11.92966,0.131,0.5796596,9.031354,356,7.884834
4.1,13.16138,0.139,0.588971,7.866417,352,7.7818
4.1,17.75157,0.16,0.8523244,7.515825,364,7.718081
4.1,20.67898,0.182,0.9551698,6.687145,384,7.641904
4.1,18.17385,0.164,0.5926536,7.145829,357,7.697337
4.1,12.24691,0.126,0.5551197,8.725267,358,7.81465
4.1,9.53645,0.11,0.5680779,9.398781,356,7.910998
4.1,12.13678,0.123,0.557955,7.887251,345,7.792669
4.1,15.50119,0.141,0.5997711,7.492687,353,7.7221
4.1,18.27903,0.155,0.6817136,7.284735,358,7.684383
4.1,17.59978,0.152,0.6257063,7.217536,355,7.687354
4.1,11.56299,0.125,0.6054739,8.520304,360,7.775487
4.1,11.42638,0.118,0.6035438,9.209856,363,7.884076
4.1,14.0804,0.134,0.5784599,8.893933,358,7.887327
4.1,16.48342,0.148,0.6026174,7.749062,359,7.777563
4.1,17.73779,0.153,0.6751474,6.579326,363,7.664813
4.1,21.88757,0.178,0.8666196,6.035483,371,7.615273
4.1,20.58821,0.176,0.8845424,5.655551,376,7.577211
4.1,19.36112,0.172,0.7756794,6.088436,381,7.602308
4.1,22.76389,0.188,0.779619,6.812281,375,7.676537
4.1,23.07475,0.196,0.7412262,6.386632,378,7.660692
4.1,21.97121,0.196,0.8806024,6.443238,378,7.674014
4.1,22.73069,0.2,0.7716649,5.937984,377,7.61764
4.1,18.72201,0.179,0.6464705,6.286906,369,7.619437
4.1,13.75088,0.143,0.632221,7.884241,358,7.736163
4.1,17.20152,0.159,0.6337848,7.833917,361,7.743582
4.1,16.43698,0.157,0.6107653,7.519698,362,7.707147
4.1,16.74485,0.163,0.6319955,7.505367,361,7.712749
4.1,16.36764,0.153,0.5545769,7.547811,359,7.732009
4.7,10.9264,0.158,0.612851,9.206717,365,7.869506
4.7,10.52848,0.13,0.658453,9.781625,358,7.941115
4.7,12.59538,0.14,0.6037738,8.046917,352,7.808372
4.7,15.32507,0.15,0.6803519,7.617778,358,7.759746
4.7,16.11757,0.155,0.6586215,7.563634,360,7.715296
4.7,17.17186,0.156,0.6017876,7.520844,357,7.71269
4.7,13.81695,0.139,0.545402,8.960996,354,7.828936
4.7,12.99863,0.124,0.5614209,9.518127,359,7.907308
4.7,14.64771,0.141,0.5408865,8.080349,351,7.77916
4.7,15.18643,0.149,0.623926,7.640667,368,7.685103
4.7,19.71061,0.169,0.7124214,6.743915,379,7.634095
4.7,18.05475,0.161,0.5571592,7.112151,352,7.645134
4.7,12.89348,0.127,0.5367559,8.04055,348,7.715379
4.7,9.85003,0.106,0.549371,8.770643,352,7.810793
4.7,11.88062,0.112,0.5656077,7.954299,347,7.776486
4.7,12.94047,0.121,0.6599295,8.019917,359,7.819271
4.7,16.69472,0.163,1.395055,7.44989,370,7.72764
4.7,17.67031,0.16,0.9997617,7.243909,372,7.724838
4.7,14.62066,0.146,0.8111541,8.252258,366,7.867912
4.7,12.58501,0.138,0.6864778,9.116855,367,7.945495
4.7,12.28582,0.136,0.917401,7.885492,367,7.80733
4.7,15.7953,0.159,1.11996,7.661194,379,7.777389
4.7,17.89007,0.186,1.264926,6.463178,393,7.648877
4.7,16.05997,0.159,0.6547906,6.953949,372,7.688974
4.7,11.10267,0.143,0.5211455,8.842694,358,7.848849
4.2,10.64878,0.14,0.5238808,8.655424,361,7.875999
4.2,10.2124,0.127,0.5323097,9.822011,353,8.003009
4.2,11.86788,0.137,0.5551996,9.187578,358,7.975717
4.2,11.6169,0.142,0.6879998,7.136497,367,7.75865
4.2,12.86327,0.154,1.05738,6.153773,377,7.684722
4.2,13.9751,0.161,1.005366,6.074398,376,7.67716
4.2,13.45798,0.158,0.8352304,6.459042,374,7.669973
4.2,11.75446,0.154,0.8099625,7.576505,373,7.730838
4.2,12.37629,0.156,0.8905736,7.414563,371,7.713934
4.2,14.66283,0.16,0.7939221,7.167489,366,7.719446
4.2,13.63158,0.157,0.867205,7.151587,370,7.69197
4.2,13.90611,0.138,0.641862,7.417763,362,7.70271
4.2,9.968791,0.127,0.552905,9.191531,358,7.815556
4.2,8.955852,0.117,0.5769003,9.672077,350,7.903723
4.2,8.971875,0.111,0.5679563,8.252025,347,7.771459
4.2,9.714202,0.114,0.5670633,7.948698,352,7.724045
4.2,11.19997,0.125,0.5879695,7.606318,352,7.683583
4.2,11.93036,0.13,0.5773172,7.437778,353,7.666946
4.2,9.707019,0.114,0.5468789,9.111918,355,7.827993
4.2,8.650554,0.113,0.5569671,9.740129,357,7.919886
4.2,9.836317,0.129,0.748878,7.929506,364,7.684455
4.2,14.60195,0.162,1.168789,7.084044,380,7.580109
4.2,15.76726,0.164,0.8489239,6.436633,382,7.545365
4.2,15.35317,0.157,0.6316417,6.747789,351,7.594357
4.2,12.43073,0.132,0.512652,8.712208,345,7.761145
4.2,10.43754,0.115,0.5406294,8.536198,346,7.811008
4.2,9.927833,0.126,0.628755,7.82657,360,7.801505
4.2,10.879,0.122,0.6050944,7.863522,369,7.783346
4.2,12.81664,0.139,0.651198,7.806123,368,7.755909
4.2,10.55379,0.132,0.546244,7.92489,369,7.801155
4.2,6.930171,0.111,0.5400634,9.146151,375,7.891512
4.2,5.400144,0.104,0.5753682,9.260868,375,7.889654
4.2,8.417399,0.164,0.5978867,8.406342,373,7.779722
4.2,10.21402,0.132,0.5506181,8.142575,372,7.759939
4.2,10.14862,0.128,0.5573758,8.128248,375,7.776981
4.2,9.837238,0.123,0.5785012,8.145704,376,7.755631
3.6,6.844661,0.114,0.5974864,9.816647,376,7.905259
3.6,6.108824,0.116,0.6403556,9.819479,373,7.884233
3.6,8.033808,0.118,0.6578663,8.870485,371,7.804201
3.6,9.498418,0.125,0.766073,8.483414,376,7.740028
3.6,11.19683,0.203,1.788223,8.296704,385,7.718293
3.6,15.94892,0.315,5.769541,7.217987,424,7.656716
3.6,15.36809,0.388,7.087447,7.516296,430,7.632448
3.6,18.47967,0.626,12.35084,6.19401,455,7.592644
3.6,17.70938,0.632,12.61783,5.408328,455,7.548119
3.6,26.21522,0.767,17.19914,1.976513,524,7.529902
3.6,15.1434,0.535,12.14783,2.994025,455,7.529031
3.6,11.52202,0.322,5.69462,5.058117,410,7.555886
3.6,8.970455,0.223,1.786833,8.12887,384,7.622643
3.6,8.139277,0.259,3.838571,7.504676,398,7.586435
3.6,9.035618,0.275,4.490652,6.135138,402,7.533047
3.6,8.707977,0.267,4.505906,5.990605,409,7.526952
3.6,8.602386,0.304,6.174994,5.076103,422,7.504547
3.6,9.778479,0.238,3.353845,5.83312,408,7.510352
3.6,5.479252,0.177,1.028662,8.283795,388,7.5372
3.6,3.969204,0.137,0.7161662,8.806902,374,7.613607
3.6,5.358843,0.151,1.062567,7.487209,379,7.536755
3.6,5.514596,0.129,0.7613789,7.535433,376,7.570416
3.6,4.135339,0.11,0.6038592,8.224963,374,7.627093
3.6,10.01571,0.155,0.925138,7.142795,408,7.537345
3.6,6.66337,0.13,0.7813603,7.685971,382,7.602607
3.6,11.04714,0.196,2.577052,6.847096,416,7.533121
3.6,6.863088,0.137,0.923853,7.181794,386,7.575105
3.6,7.138134,0.132,0.7275273,7.782197,366,7.607929
3.6,7.710442,0.219,3.409171,6.941607,383,7.514773
3.6,9.355627,0.258,4.383908,6.763296,401,7.464257
3.6,9.018985,0.292,5.203331,5.974019,411,7.464983
3.6,7.947731,0.288,5.079138,5.595262,425,7.434409
3.6,8.810739,0.301,6.063917,4.926865,427,7.448394
3.6,7.124972,0.226,3.493307,5.455338,408,7.400304
3.6,4.147693,0.167,1.009224,7.46019,385,7.439406
3.6,3.634982,0.141,0.7438301,8.18293,380,7.547191
3.6,5.207362,0.141,0.8435165,7.404499,385,7.529499
3.6,5.807532,0.131,0.6882884,7.401192,385,7.563686
3.6,5.510895,0.147,0.9709319,6.836504,400,7.475988
3.6,5.133153,0.136,0.9037067,6.630199,403,7.484332
3.6,3.354575,0.12,0.5637991,7.865948,387,7.588209
3.6,2.760705,0.107,0.5948675,8.548027,383,7.651695
3.6,5.062879,0.117,0.6214899,7.853391,389,7.606997
3.6,6.473389,0.127,0.6516057,7.508367,392,7.597433
3.6,6.919415,0.127,0.6289594,7.642396,397,7.573137
3.6,6.153784,0.121,0.5710984,7.866693,397,7.610229
3.6,3.388792,0.116,0.534175,8.914576,384,7.669347
4.2,3.670352,0.112,0.5107558,9.512097,389,7.788513
3.8,6.046109,0.119,0.6161016,8.47106,387,7.741234
3.8,7.914453,0.129,0.6700997,8.235169,387,7.745208
3.8,7.322526,0.132,0.6340354,8.148359,392,7.814491
3.8,7.402172,0.127,0.6272573,8.108167,397,7.800261
3.8,4.335027,0.115,0.4663686,9.197266,389,7.789174
3.8,4.709683,0.111,0.5078514,9.828699,379,7.890208
3.8,5.774682,0.119,0.5143608,8.860115,382,7.809143
3.8,7.092818,0.123,0.5387202,8.589662,386,7.805659
3.8,6.482897,0.119,0.5533677,8.468129,384,7.826777
3.8,6.592741,0.118,0.5498623,8.461792,394,7.818085
3.8,3.77418,0.108,0.5044963,9.688051,390,7.886405
4,4.183709,0.111,0.4704438,10.19876,383,7.971495
4,5.351245,0.115,0.5104738,9.139994,385,7.876214
4,6.86967,0.117,0.4859554,8.968012,386,7.907095
4,6.785574,0.115,0.4698584,8.962369,386,7.889443
4,6.662574,0.116,0.4960606,8.810131,399,7.86341
4,4.221857,0.108,0.4158379,9.920938,389,7.903111
4,4.319306,0.11,0.4425868,10.30135,380,7.937498
4,5.821883,0.114,0.4661715,9.182238,383,7.860258
4,10.95481,0.159,0.8479337,8.292181,408,7.80582
4,9.190189,0.143,0.7079588,7.769202,423,7.750756
4,7.594496,0.111,0.3936324,8.649495,383,7.844581
4,4.06057,0.101,0.3627656,10.04072,379,7.932666
4,4.109323,0.103,0.3865888,10.48492,372,7.979748
4,5.478535,0.104,0.3729061,9.098815,366,7.89211
4,6.756786,0.111,0.4177004,8.735922,375,7.859178
4,6.886341,0.118,0.4818844,8.52325,388,7.797181
4,7.076661,0.118,0.5095001,8.512537,393,7.812804
4,4.197431,0.106,0.3946472,9.921664,388,7.893708
4,3.915827,0.108,0.4081392,10.33148,380,7.961031
4,5.685388,0.11,0.4638535,8.847746,379,7.856703
4,6.062121,0.108,0.430096,8.543657,381,7.794967
4,6.191312,0.118,0.501899,8.333746,384,7.777176
4,6.674399,0.115,0.4554999,8.397852,384,7.809481
3.2,3.545135,0.103,0.391688,9.934153,379,7.899634
3.2,3.5894,0.102,0.397018,10.34075,370,7.955763
3.2,4.690233,0.102,0.4144254,8.780386,370,7.85073
3.2,5.431976,0.106,0.4136485,8.581346,376,7.783926
3.2,6.05209,0.108,0.4333553,8.602445,378,7.777456
3.2,7.081612,0.109,0.4124119,8.554617,382,7.809751
3.2,3.996758,0.1,0.3712809,10.32289,379,7.95675
3.2,4.165864,0.097,0.4031665,10.57099,375,7.994354
3.2,5.870167,0.098,0.4101815,9.095751,372,7.872057
3.2,6.609944,0.102,0.4262804,8.831287,380,7.846372
3.2,6.821802,0.108,0.4575022,8.91895,381,7.860043
3.2,6.588373,0.101,0.4244548,9.00057,380,7.888729
3.2,4.370846,0.099,0.3915496,10.52464,379,8.001511
3.2,4.194974,0.092,0.3828816,10.84767,372,8.043385
3.2,5.785561,0.101,0.3805067,9.329312,373,7.908643
3.2,6.154265,0.101,0.3797825,9.037579,382,7.836692
3.2,6.353904,0.11,0.4185947,9.079739,382,7.843669
3.2,6.452822,0.107,0.3934332,9.026665,381,7.852489
3.2,3.820112,0.101,0.3728823,10.68192,380,7.971812
3.2,4.08057,0.098,0.3772408,10.7922,368,8.024908
3.2,5.379852,0.106,0.3796825,9.314847,369,7.886326
3.2,6.10793,0.107,0.3834475,9.091455,380,7.813134
3.2,6.645746,0.118,0.4993546,8.883215,383,7.772578
3.2,6.495634,0.106,0.3894239,8.992993,382,7.829371
3.2,3.492492,0.098,0.36804,10.88528,381,7.983264
3.2,3.27649,0.096,0.3908992,10.76185,380,7.99985
3.2,5.438091,0.128,0.6387715,8.915893,388,7.794464
3.2,13.52098,0.172,1.034434,7.828154,466,7.684794
3.2,7.172608,0.123,0.5355386,8.304379,398,7.719746
3.2,6.037764,0.104,0.3316459,8.999039,367,7.826117
3.2,2.798363,0.088,0.3515631,10.7853,369,7.992036
3.2,2.995555,0.085,0.3733567,10.34126,363,7.973583
3.2,4.551846,0.1,0.3800286,9.102054,362,7.865297
3.2,5.045534,0.11,0.4694134,8.425658,376,7.754657
3.2,5.686977,0.131,0.7876403,8.107662,384,7.678561
3.2,5.397116,0.098,0.3713555,8.673611,376,7.785511
3.2,2.480318,0.091,0.3584362,10.67037,367,7.975816
3.2,2.442235,0.082,0.361206,10.49454,360,8.000299
3.2,3.876595,0.091,0.4244879,8.8599,368,7.824035
3.2,6.144654,0.094,0.3999963,9.022262,370,7.809116
3.2,6.428644,0.111,0.4950507,8.139983,394,7.697784
3.2,5.51063,0.093,0.4031656,8.507779,385,7.768682
3.2,3.856285,0.085,0.4028152,9.328833,394,7.844178
3.2,3.392274,0.077,0.4178173,9.195762,397,7.827624
3.2,5.873077,0.097,0.4720726,8.914021,406,7.79235
3.2,7.690857,0.177,1.768818,7.6468,439,7.633421
3.2,7.563688,0.191,1.809481,7.172536,435,7.651115
3.2,6.39906,0.11,0.4526964,8.616132,413,7.772319
3.2,3.858481,0.102,0.4243527,10.02077,410,7.885967
3.2,8.026814,0.13,0.6798882,9.037477,436,7.789466
3.2,10.34353,0.389,5.623487,6.608184,475,7.650975
3.2,11.42112,0.445,6.888777,5.712964,484,7.61165
3.2,11.80235,0.44,6.466558,5.151799,477,7.567232
3.2,8.921933,0.322,4.235937,5.64488,449,7.533247
3.2,6.630448,0.253,2.395478,7.289557,437,7.529284
5.8,6.269157,0.241,1.725384,8.766043,438,7.68094
5.8,4.413795,0.147,0.555743,8.965937,397,7.760141
5.8,5.651823,0.123,0.4310344,9.079889,384,7.821621
5.8,6.584036,0.183,1.359899,8.18417,416,7.721675
5.8,5.559772,0.117,0.4341244,9.054753,404,7.816212
5.8,3.540487,0.101,0.3030408,10.35527,385,7.914984
5.8,3.582,0.101,0.3304287,11.37159,383,8.049243
5.8,4.784677,0.11,0.3639001,9.746584,386,7.902115
5.8,5.188417,0.124,0.4493192,8.876563,387,7.806071
5.8,4.918194,0.111,0.3493422,8.793641,381,7.817857
5.8,3.986356,0.097,0.3240012,8.618139,390,7.791018
5.8,2.439795,0.083,0.291954,9.548283,385,7.874132
5.8,2.587176,0.091,0.3073831,9.819288,386,7.899891
5.8,4.06081,0.105,0.3550025,8.998212,403,7.804614
5.8,10.48563,0.18,1.026078,7.371919,437,7.698665
5.8,7.355972,0.137,0.4010883,8.195026,407,7.712669
5.8,12.09086,0.298,2.576955,6.87749,411,7.602608
5.8,10.67206,0.244,1.734375,7.559605,408,7.620585
5.8,8.699741,0.268,1.806346,7.998694,414,7.608316
5.8,8.194369,0.267,1.820452,7.046013,415,7.594175
5.8,7.586632,0.247,1.732888,6.840252,420,7.582551
5.8,7.972917,0.262,2.007407,6.468037,420,7.602711
5.8,5.85785,0.186,0.9282454,7.023458,415,7.597189
5.8,3.544998,0.136,0.3093614,8.90914,401,7.732122
5.8,3.885423,0.143,0.328143,8.987734,401,7.781332
5.8,4.731134,0.136,0.3557408,8.392102,401,7.722002
5.8,4.937506,0.128,0.3291064,8.289209,401,7.722515
5.8,5.12263,0.187,1.01478,7.226511,413,7.717129
5.8,4.232772,0.147,0.5102659,7.711913,403,7.755943
5.8,3.139559,0.124,0.3412899,8.519836,407,7.716483
5.8,3.059276,0.12,0.2928365,9.337203,402,7.852386
5.8,4.337066,0.129,0.3222136,8.56748,399,7.787651
5.8,5.162319,0.126,0.3107974,8.413866,401,7.746176
5.8,5.221531,0.134,0.375379,8.020955,409,7.73279
5.8,5.334451,0.129,0.3031027,8.04317,402,7.753068
5.8,3.131864,0.117,0.3157153,8.829546,408,7.802037
5.8,3.399251,0.116,0.3277426,8.788005,408,7.803109
5.8,5.124765,0.127,0.348123,8.426393,398,7.762377
5.8,13.0707,0.417,4.310216,5.609296,463,7.692445
5.8,18.26992,0.467,4.662941,5.035442,462,7.673864
5.8,14.00397,0.454,4.706851,4.306044,460,7.639139
5.8,10.65394,0.347,3.190019,5.185275,454,7.651384
5.8,8.835019,0.3,2.373434,6.088218,443,7.676843
5.8,8.455837,0.314,2.695356,5.48167,449,7.656691
5.8,6.379798,0.274,2.244987,5.814629,445,7.663859
5.8,5.9965,0.262,2.151066,5.611134,444,7.648717
5.8,5.161092,0.193,1.122548,5.999879,428,7.654419
5.8,3.169913,0.159,0.3176956,8.11979,415,7.663662
5.8,3.198038,0.155,0.301484,8.512053,409,7.690199
5.8,2.9789,0.158,0.5240747,7.497056,417,7.747945
5.8,4.353853,0.151,0.478216,7.25274,424,7.724244
5.8,4.403577,0.142,0.4146398,7.242952,429,7.697782
5.8,4.410125,0.133,0.3591122,7.339518,425,7.696877
5.8,2.608765,0.136,0.2720182,8.447363,423,7.718445
5.8,2.820924,0.14,0.2992704,8.441409,414,7.698614
5.8,4.012043,0.135,0.3339237,7.284748,408,7.661802
5.8,6.949871,0.16,0.5270644,6.827392,421,7.634188
5.8,7.668418,0.167,0.5803028,5.507529,455,7.564639
5.8,5.074272,0.129,0.3326426,5.94747,408,7.568831
5.8,3.020552,0.106,0.2395336,7.395351,380,7.67238
5.2,3.104889,0.112,0.2774888,9.790138,391,7.848527
5.2,4.923901,0.121,0.3748761,8.254454,400,7.737363
5.2,5.364553,0.123,0.3971056,8.00152,406,7.713911
5.2,4.847431,0.126,0.4671399,7.597884,416,7.666319
5.2,4.307349,0.12,0.4109825,7.689802,407,7.679054
5.2,2.869451,0.127,0.3293884,9.450043,400,7.7582
5.2,3.852046,0.112,0.3512182,9.608415,401,7.763748
5.2,4.439924,0.116,0.4068449,8.585147,405,7.702437
5.2,4.627013,0.109,0.3546963,8.539651,409,7.777515
5.2,4.16398,0.109,0.4138593,8.594481,413,7.751312
5.2,3.245989,0.105,0.3787253,8.828501,407,7.745176
5.2,2.493315,0.102,0.3112741,10.45235,406,7.843792
5.2,2.872308,0.104,0.32229,10.63358,408,7.91471
5.2,4.09248,0.1,0.3341214,9.384129,406,7.812695
5.2,4.546471,0.105,0.3401672,8.965889,404,7.77017
5.2,4.226259,0.105,0.3508289,8.874725,409,7.726608
5.2,4.079265,0.095,0.3229177,9.037217,412,7.779031
5.2,2.608291,0.099,0.2939466,10.40077,408,7.799553
5.2,3.046292,0.107,0.3443482,10.36947,414,7.773585
5.2,4.166628,0.111,0.4031546,8.860542,414,7.679021
5.2,4.103331,0.112,0.4059132,8.473499,412,7.658714
5.2,4.367994,0.122,0.5148377,8.167955,415,7.594329
5.2,4.117879,0.107,0.3576888,8.525764,411,7.648242
5.2,2.661013,0.099,0.3103677,9.812728,403,7.745476
5.2,3.180957,0.105,0.3404404,10.14137,407,7.746787
5.2,4.620018,0.109,0.3153717,9.012892,403,7.691987
5.2,4.657226,0.109,0.2951217,8.873775,400,7.680885
5.2,4.347703,0.111,0.306597,8.582485,405,7.654972
5.2,4.307946,0.102,0.301301,8.721313,405,7.686876
5.2,3.403654,0.094,0.2789462,9.088201,402,7.74534
5.2,3.205714,0.094,0.2914489,9.377651,407,7.734197
5.2,4.128036,0.102,0.2691173,8.918308,402,7.690844
5.2,4.284109,0.099,0.2822221,8.920086,397,7.711086
5.2,4.821639,0.106,0.3159026,8.837633,407,7.672235
5.2,4.482377,0.096,0.2921233,9.004848,405,7.709133
5.2,3.042944,0.09,0.2806909,9.753654,402,7.784811
5.2,3.635341,0.099,0.287498,9.850269,404,7.749692
5.2,4.832791,0.108,0.3023073,8.953196,404,7.687116
5.2,10.49846,0.145,0.4163789,8.226268,433,7.619134
5.2,6.312427,0.117,0.3337412,7.959096,413,7.637356
5.2,4.080261,0.087,0.2484682,9.129871,380,7.760505
5.2,1.877879,0.061,0.2507062,9.711402,382,7.770486
5.2,3.242287,0.073,0.2438831,9.745867,396,7.734948
5.2,4.711602,0.085,0.2812811,9.246711,398,7.691891
5.2,4.675261,0.089,0.2999711,8.981551,395,7.637659
5.2,4.693658,0.091,0.2767084,8.846278,394,7.630425
5.2,4.738406,0.084,0.2775528,8.896293,398,7.659046
5.2,3.540555,0.081,0.260938,9.748552,394,7.727893
5.2,4.241775,0.083,0.2980911,9.659292,392,7.728892
5.2,5.247976,0.098,0.2884611,8.940475,398,7.697339
5.2,5.463048,0.101,0.3157715,8.782598,406,7.681067
5.2,5.402,0.104,0.3116811,8.731257,404,7.679341
5.2,4.787178,0.103,0.2725838,8.710114,406,7.693017
5.2,4.310671,0.104,0.3326105,9.235865,412,7.676713
5.2,5.889661,0.124,0.4285715,9.22905,415,7.666076
5.2,7.783876,0.168,1.140938,8.100971,432,7.540137
5.2,7.756884,0.181,1.333603,7.862224,432,7.51892
5.2,8.608486,0.254,2.493672,7.157438,443,7.557594
5.2,6.8586,0.193,1.571356,7.216721,433,7.536309
5.2,4.854849,0.129,0.335039,9.603704,414,7.674881
5.2,4.649793,0.124,0.323017,9.993889,407,7.724337
5.2,5.537169,0.122,0.3508833,8.912878,413,7.673547
5.2,9.591102,0.132,0.461424,8.612532,408,7.6726
5.2,6.502244,0.126,0.4590721,8.4124,410,7.661102
5.2,8.847469,0.146,0.650717,8.310891,415,7.61875
5.2,12.99597,0.227,1.541128,8.220644,431,7.561579
5.2,17.95553,0.371,3.050332,7.272342,452,7.577323
5.2,15.48553,0.42,3.539146,6.543485,465,7.596359
5.2,11.24941,0.42,3.822331,6.064589,472,7.613003
5.2,9.620896,0.397,3.544964,5.667835,463,7.588965
5.2,7.114318,0.296,2.186054,6.006161,444,7.504488
5.2,5.592206,0.24,1.418935,7.114582,435,7.471355
5.2,12.48443,0.277,1.821254,6.80128,437,7.486745
5.2,12.68579,0.325,2.658136,6.20805,446,7.537059
5.2,13.15698,0.329,2.880429,5.513162,447,7.562556
5.2,9.966072,0.308,2.573231,5.745534,422,7.538393
5.2,8.855175,0.294,2.380258,5.744458,439,7.501614
5.2,7.094522,0.277,2.029286,6.655766,446,7.478817
5.2,7.865646,0.319,2.592307,5.93919,441,7.496041
5.2,7.057438,0.288,2.325485,5.923663,440,7.509065
5.2,11.85268,0.334,2.870405,4.804236,505,7.51525
5.2,6.396468,0.256,2.089373,5.407263,443,7.499399
5.2,3.79663,0.194,1.219296,6.107595,410,7.46417
5.2,2.771249,0.156,0.3915805,8.17919,406,7.539513
5.2,3.342705,0.175,0.6589847,7.976384,406,7.491066
5.2,4.865518,0.201,1.090031,6.839612,418,7.446813
5.2,4.154084,0.194,1.273426,6.50122,431,7.450931
5.2,4.207516,0.195,1.30758,6.321364,427,7.452482
5.2,2.975452,0.149,0.5440885,7.163728,410,7.506333
5.2,2.617685,0.131,0.3065933,8.777695,407,7.601135
5.2,3.714573,0.167,0.4857932,8.148314,411,7.504587
5.2,4.251493,0.159,0.6206376,7.266984,407,7.491132
5.2,3.841558,0.165,0.6299912,7.032437,416,7.448523
5.2,4.026157,0.188,0.9989311,6.637447,417,7.422078
5.2,2.59658,0.116,0.3282713,7.619101,402,7.580438
5.2,2.154953,0.12,0.2685193,8.717646,410,7.635748
5.2,3.029904,0.138,0.3504559,8.278453,423,7.587326
5.2,4.453916,0.148,0.5164609,7.375504,422,7.555784
5.2,4.042124,0.121,0.3287301,8.142826,414,7.59844
5.2,3.989388,0.13,0.3807863,7.892262,415,7.563806
5.2,3.092463,0.111,0.2735426,8.565256,405,7.681046
5.2,4.948905,0.122,0.2591262,8.875601,412,7.68723
5.2,3.306715,0.129,0.4139834,7.780901,425,7.596013
5.2,8.788885,0.167,0.6434271,7.071036,432,7.533599
5.2,11.52885,0.236,1.604188,6.651383,429,7.461547
5.2,15.83749,0.376,3.612042,5.298574,449,7.533344
5.2,10.76611,0.276,1.879781,5.869051,430,7.45382
5.2,8.916433,0.305,2.250582,6.080447,432,7.460846
5.2,9.165306,0.323,2.55622,5.477027,443,7.475456
5.2,9.027436,0.362,3.37604,4.088446,458,7.526478
5.2,13.49251,0.55,5.729113,2.030878,515,7.648638
5.2,12.99624,0.565,6.096622,1.182224,551,7.64674
5.2,12.78865,0.69,7.481946,0.7487313,558,7.681634
5.2,10.09511,0.662,7.293972,0.6268222,559,7.673772
5.2,7.750966,0.553,5.71589,3.539397,496,7.659919
5.2,6.481186,0.311,2.488653,6.158597,419,7.563811
5.2,8.057692,0.312,2.258232,5.498753,427,7.559516
5.2,6.504855,0.277,2.281315,5.16904,426,7.56911
5.2,5.209965,0.195,1.064939,6.003613,412,7.526956
5.2,4.058357,0.172,0.3604192,7.63067,396,7.624723
5.2,4.280573,0.195,0.5321553,7.042616,397,7.57477
5.2,4.76412,0.205,0.6100662,6.599989,398,7.542167
5.2,6.44296,0.215,1.534195,4.698923,459,7.516435
5.2,4.377604,0.137,0.6841483,6.080601,377,7.574804
5.2,3.129129,0.137,0.2436372,7.919259,370,7.753961
4.6,4.47718,0.125,0.6014177,9.438904,388,7.963974
4.6,4.085493,0.18,0.946137,8.378284,390,7.899167
4.6,4.847432,0.174,1.073366,8.010661,396,7.8677
4.6,4.76143,0.167,1.128357,7.826518,403,7.839678
4.6,4.453414,0.149,0.927902,7.816469,394,7.862339
4.6,2.967632,0.119,0.2943263,9.440123,385,7.957776
4.6,3.195054,0.129,0.3182305,9.51778,373,7.982232
4.6,3.186598,0.139,0.5161514,8.412898,378,7.965351
4.6,3.82018,0.124,0.4721893,8.331352,387,7.950499
4.6,4.325074,0.135,0.6072075,8.253557,398,7.931159
4.6,3.776629,0.118,0.4488375,8.375162,396,7.920641
4.6,3.337981,0.117,0.31418,9.299742,388,7.94074
4.6,4.185541,0.115,0.2976986,9.558721,379,7.977178
4.6,4.280691,0.128,0.370926,9.102348,382,7.95765
4.6,4.594752,0.121,0.3557017,8.80012,382,7.905397
4.6,4.778651,0.145,0.5129706,8.33612,388,7.876983
4.6,5.032476,0.124,0.3188054,8.672667,380,7.88785
4.6,5.215576,0.12,0.2884681,9.172405,381,7.951033
4.6,4.498472,0.12,0.301175,9.342849,381,7.961546
4.6,6.419219,0.184,0.9325972,8.044617,399,7.872576
4.6,7.380292,0.213,1.441438,7.142443,398,7.87273
4.6,6.764553,0.214,1.457042,6.83639,395,7.83689
4.6,5.477422,0.163,0.8149615,7.305863,387,7.841932
4.6,4.370558,0.128,0.3409113,8.578436,380,7.923533
4.6,4.4132,0.145,0.4397039,8.792379,383,7.961458
4.6,5.86804,0.157,0.5831829,8.018049,387,7.904126
4.6,6.074605,0.155,0.5639148,7.707026,391,7.867424
4.6,6.387728,0.163,0.6633868,7.471968,397,7.856227
4.6,7.648695,0.136,0.3655343,8.240551,395,7.89707
4.6,6.543386,0.134,0.3065617,8.886667,396,7.942852
4.6,6.668005,0.134,0.321812,8.922452,395,7.967644
4.6,7.811201,0.142,0.3571712,8.57637,395,7.94301
4.6,9.4843,0.146,0.3526646,8.588595,399,7.942329
4.6,9.222618,0.138,0.3507411,8.465092,400,7.934973
4.6,9.287058,0.127,0.3376978,8.758777,404,7.98202
4.6,7.346871,0.122,0.3198545,9.311596,407,7.9997
4.6,6.849533,0.122,0.2975875,9.537621,408,8.023515
4.6,7.67125,0.122,0.3209045,9.248731,410,7.990943
4.6,8.245098,0.118,0.2976114,9.099528,406,7.995536
4.6,7.857415,0.121,0.3281484,9.018814,409,7.990671
4.6,8.786078,0.119,0.3370173,8.91053,416,7.993265
4.6,9.615942,0.159,0.8078451,8.855123,414,7.942881
4.6,9.56973,0.212,1.385096,8.222015,416,7.880953
4.6,13.33395,0.281,2.024829,7.305543,422,7.812056
4.6,20.79434,0.349,2.524402,6.180085,443,7.743768
4.6,12.0012,0.277,1.867501,6.858244,395,7.760091
4.6,10.54319,0.258,1.749803,7.172636,402,7.761149
4.6,8.518514,0.238,1.338118,7.696049,409,7.764503
4.6,7.312916,0.227,1.236465,7.757103,410,7.772529
4.6,7.45781,0.212,1.101056,7.718983,415,7.775723
4.6,7.01904,0.204,1.096048,7.488718,421,7.780229
4.6,6.543584,0.195,1.064281,7.559143,417,7.775967
4.6,5.717839,0.17,0.7903683,7.85537,412,7.79924
4.6,4.600137,0.146,0.4293293,8.986249,403,7.843073
4.6,4.604187,0.162,0.5214643,8.974931,405,7.865126
4.6,5.676822,0.174,0.7155767,8.181138,411,7.832511
4.6,5.924426,0.168,0.7740502,7.909215,409,7.818023
4.6,5.701171,0.164,0.8302931,7.805662,408,7.800664
4.6,5.0407,0.13,0.5127955,8.331369,406,7.870498
4.6,3.652707,0.124,0.2899879,9.532334,399,7.932321
4.6,4.108519,0.144,0.4403498,9.038767,396,7.939918
4.6,5.021414,0.154,0.6139313,8.347037,401,7.886602
4.6,5.061879,0.135,0.5451242,8.107661,405,7.870841
4.6,5.001543,0.137,0.5958035,8.083205,412,7.874924
4.6,4.377414,0.106,0.3666143,8.737912,405,7.927977
4.6,3.958296,0.109,0.2999885,9.758805,414,7.956853
4.6,3.746726,0.108,0.2639456,9.807782,393,8.029463
4.6,4.711136,0.113,0.3093777,9.130602,399,7.978998
4.6,5.401195,0.111,0.3660211,8.77504,412,7.956224
4.6,4.825463,0.108,0.4057787,8.70761,416,7.945282
4.6,5.077544,0.069,0.3179867,9.146805,403,7.999118
4.6,3.861356,0.105,0.2652436,10.0239,405,8.001175
4.6,4.033868,0.089,0.2667688,10.02979,389,8.04439
4.6,5.532084,0.087,0.3215298,9.104528,401,7.999684
4.6,5.650285,0.08,0.3184416,9.05619,407,7.98881
4.6,5.456808,0.077,0.3277074,9.105486,408,7.994096
4.6,5.579236,0.076,0.2883265,9.180634,405,8.004524
4.6,4.977853,0.115,0.2429066,10.21638,398,8.056301
4.6,5.578746,0.115,0.235632,10.05783,380,8.060742
4.6,7.560571,0.115,0.2520728,9.182761,390,8.000938
4.6,10.58724,0.115,0.5599403,8.005428,465,7.844443
4.6,7.367574,0.115,0.2424169,8.853552,388,7.973692
4.6,7.463352,0.115,0.1972425,9.516265,375,8.048244
4.6,6.354578,0.115,0.2046203,10.48099,379,8.097476
4.6,8.563599,0.115,0.2221561,10.19322,374,8.073698
4.6,11.25128,0.115,0.239389,9.281707,384,7.988097
4.6,11.04191,0.115,0.2442905,9.088758,390,7.974688
4.6,9.760918,0.115,0.2549816,8.952605,396,7.968445
4.6,9.663606,0.115,0.2537999,9.192341,397,7.98776
4.6,8.393955,0.115,0.2305562,10.28768,398,8.052691
4.6,8.502454,0.115,0.2369705,10.19938,395,8.073487
4.6,10.08109,0.115,0.2498267,9.440986,396,8.013416
4.6,11.27932,0.115,0.2416927,9.091139,395,7.992012
4.6,12.35041,0.115,0.2374312,9.051184,399,7.984596
4.6,12.32004,0.115,0.2290385,9.165172,400,7.988405
4.6,11.53444,0.115,0.2194877,10.38197,394,8.027657
4.6,10.79669,0.115,0.2242753,10.21394,381,8.071383
4.6,11.35696,0.115,0.2303054,9.204827,393,8.023483
4.6,10.57248,0.115,0.2352564,9.064221,398,8.018339
4.6,10.33928,0.115,0.2307071,9.053279,403,7.995629
4.6,9.878505,0.115,0.2362221,9.043349,409,8.000205
4.6,8.868135,0.115,0.2200881,10.37278,403,8.07259
4.6,9.964302,0.115,0.2207548,10.70245,395,8.134604
4.6,11.59185,0.115,0.2331315,9.576861,398,8.070326
4.6,12.08272,0.115,0.2372147,9.343801,406,8.0182
4.6,12.91426,0.115,0.2399168,9.294428,408,8.015924
4.6,12.01291,0.115,0.2356165,9.422033,411,8.018573
4.6,11.00779,0.115,0.22633,10.40595,406,8.097639
4.6,11.99198,0.115,0.2324511,10.25614,402,8.133329
4.6,10.79321,0.115,0.2392016,9.693435,414,8.062977
4.6,11.01184,0.115,0.2457375,9.485512,409,8.040221
4.6,10.58433,0.115,0.2363005,9.468327,406,8.02631
4.6,10.42377,0.115,0.2289377,9.568272,405,8.035851
4.6,8.598461,0.115,0.221427,10.48414,401,8.108514
4.6,7.704908,0.115,0.2216702,10.50186,400,8.121856
4.6,8.426917,0.115,0.2303201,9.766125,402,8.045126
4.6,8.399221,0.115,0.2289488,9.497404,400,8.015798
4.6,8.242884,0.115,0.2252909,9.341725,401,8.019764
4.6,7.270607,0.115,0.2264284,9.376534,404,8.010039
4.6,6.480182,0.115,0.2173949,10.3708,399,8.076851
4.6,6.157938,0.115,0.2221095,10.37435,398,8.129185
4.6,6.706518,0.115,0.2257058,9.717592,397,8.045038
4.6,14.03691,0.115,0.4537747,8.055263,508,7.792052
4.6,7.321643,0.115,0.2441636,9.093835,402,8.009142
4.6,5.370351,0.115,0.1952488,10.00275,382,8.137732
4.6,4.476177,0.115,0.1946431,11.37912,372,8.259453
4.6,5.570795,0.115,0.2190324,10.88828,387,8.2108
4.6,7.636177,0.115,0.229978,9.536052,400,8.06214
4.6,7.935843,0.115,0.2276816,9.11691,401,8.030447
4.6,7.740153,0.115,0.2307142,9.019917,406,8.028041
4.6,6.733931,0.115,0.2266567,9.203431,409,8.026173
4.6,5.795092,0.115,0.2260923,10.50414,394,8.099712
4.3,6.276034,0.115,0.2248917,10.38632,383,8.122271
4.3,7.961195,0.115,0.2251719,9.185042,392,8.032728
4.3,8.998988,0.115,0.2224578,8.829939,391,7.99922
4.3,8.862455,0.115,0.2210143,8.696441,393,7.987532
4.3,8.589964,0.115,0.2215714,8.832838,398,7.99593
4.3,7.448907,0.115,0.2229458,9.415613,395,8.039656
4.3,6.353018,0.115,0.217687,9.883237,385,8.103926
4.3,7.91762,0.115,0.2145727,8.998437,387,8.04872
4.3,8.635176,0.115,0.217973,8.59686,398,8.010377
4.3,8.574066,0.115,0.217302,8.682131,392,8.009092
4.3,8.221948,0.115,0.2131532,9.009677,392,8.027229
4.3,6.297402,0.115,0.2159821,10.46672,387,8.130598
4.3,8.098631,0.115,0.222302,10.29528,384,8.158899
4.3,9.749432,0.115,0.2219142,8.920858,391,8.055616
4.3,9.920213,0.115,0.2188548,8.650669,396,8.030155
4.3,9.634649,0.115,0.2191058,8.66966,400,8.023453
4.3,8.962374,0.115,0.2158716,8.991329,399,8.03285
4.3,7.188196,0.115,0.2180561,10.18493,388,8.137167
4.3,7.375128,0.115,0.2287287,9.89196,387,8.13672
4.3,8.889154,0.115,0.2254948,8.74508,385,8.03888
4.3,8.904029,0.115,0.2225606,8.219154,390,7.971975
4.3,9.212887,0.115,0.2211583,8.217952,391,7.966312
4.3,8.041935,0.115,0.2201722,8.476326,391,7.986341
4.3,7.768523,0.115,0.224955,9.618346,384,8.084547
4.3,7.613997,0.115,0.2211898,9.324304,378,8.094146
4.3,8.749307,0.115,0.2094605,8.744969,370,8.075731
4.3,9.790154,0.115,0.2043355,8.399273,366,8.029001
4.3,10.83989,0.115,0.2076666,7.604506,375,7.935865
4.3,8.841613,0.115,0.2000971,8.59716,384,8.082115
4.3,8.70857,0.115,0.1991201,9.11235,392,8.178175
4.3,8.62169,0.115,0.3098107,8.233067,397,8.050843
4.3,10.91061,0.115,0.53356,7.615415,393,7.99742
4.3,14.86156,0.115,1.145888,6.282297,430,7.882845
4.3,12.94835,0.115,0.8454134,7.100298,391,7.921878
4.3,10.77018,0.115,0.3504201,8.270704,385,8.0006
4.3,9.255693,0.115,0.2061284,10.26273,386,8.072267
4.3,9.397893,0.115,0.3865739,9.519007,395,8.104837
4.3,9.751822,0.035,0.5794643,8.124579,403,8.004099
4.3,10.21557,0.035,0.3862082,8.084222,405,8.028777
4.3,9.912941,0.035,0.2411205,8.72797,402,8.037643
4.3,8.418676,0.035,0.2113254,9.736208,401,8.060637
4.3,7.593492,0.035,0.2070703,10.84355,389,8.153588
4.3,8.377172,0.035,0.2095794,10.52264,388,8.215952
4.3,8.887197,0.035,0.211473,9.416092,399,8.147154
4.3,8.599404,0.035,0.2090148,9.162859,403,8.105757
4.3,8.523282,0.035,0.20105,9.39699,394,8.125517
4.3,7.366146,0.035,0.1942541,10.00178,394,8.14993
4.3,6.361116,0.035,0.2061031,10.98092,388,8.201069
4.3,6.987938,0.035,0.2042996,10.68223,381,8.250307
4.3,8.382952,0.035,0.2039802,9.294915,393,8.142767
4.3,8.609845,0.035,0.2053223,9.075463,398,8.102019
4.3,8.334099,0.035,0.2015511,9.084543,399,8.102871
4.3,8.207972,0.035,0.1988772,9.761707,397,8.133318
4.3,7.958009,0.035,0.2048553,10.92188,384,8.226315
4.3,8.332261,0.035,0.2095214,10.73659,374,8.279272
4.3,9.935347,0.035,0.204074,9.596125,381,8.180323
4.3,10.05876,0.035,0.2012223,9.517315,385,8.187364
4.3,10.39185,0.035,0.1969294,9.515718,388,8.209558
4.3,8.190842,0.035,0.1974887,10.17384,392,8.207665
4.3,6.478471,0.035,0.2071207,11.43475,371,8.33438
4.3,7.259174,0.035,0.205316,10.55195,369,8.295095
4.3,10.29645,0.035,0.2034894,9.188087,382,8.145264
4.3,9.533162,0.035,0.2002871,9.171515,385,8.160725
4.3,11.47155,0.035,0.2019325,9.105365,388,8.137533
4.3,8.570095,0.035,0.1976653,9.667629,388,8.151554
4.3,7.768082,0.035,0.2023147,10.42131,381,8.221632
4.3,8.456084,0.035,0.2040386,10.82266,372,8.325738
4.3,9.317676,0.035,0.2046511,9.836484,379,8.276662
4.3,9.887941,0.035,0.2160379,9.479508,387,8.207197
4.3,10.22576,0.035,0.2079591,9.365114,387,8.174335
4.3,8.267921,0.035,0.2072047,10.25758,385,8.206139
4.3,7.088689,0.035,0.2066769,11.51463,371,8.34531
4.3,10.65905,0.035,0.2222283,10.89948,369,8.405533
4.3,14.3198,0.035,0.2138995,9.645231,383,8.257708
4.3,12.53682,0.035,0.2622097,8.102018,429,7.913712
4.3,11.83597,0.035,0.1970254,9.439781,379,8.229657
4.3,10.24567,0.035,0.1893717,10.61263,368,8.323421
4.3,6.989318,0.035,0.2020891,12.09827,355,8.623931
4.3,10.21074,0.035,0.2210512,10.66961,367,8.409306
4.3,9.256593,0.035,0.2087281,9.217616,376,8.207036
4.3,9.335495,0.035,0.2041603,9.077646,378,8.211015
4.3,9.159986,0.035,0.1993579,9.146527,377,8.211699
4.3,8.60062,0.035,0.2102963,10.24383,375,8.288867
4.3,5.56068,0.035,0.2179745,11.77607,365,8.501846
4.3,6.916037,0.035,0.2340576,11.14287,360,8.501797
4.3,10.43563,0.035,0.2242364,9.2391,363,8.261678
4.3,6.663701,0.035,0.219248,8.895387,366,8.166386
4.3,7.530046,0.035,0.2139981,8.750212,364,8.10611
4.3,5.307611,0.035,0.2168423,9.248971,369,8.155291
4.3,6.512651,0.035,0.2147468,9.653445,368,8.147378
4.3,7.182358,0.035,0.3215308,9.331449,374,7.452337
4.3,8.432696,0.035,0.3292752,8.747521,374,7.436384
4.3,8.682115,0.035,0.3255681,8.534657,375,7.403172
4.3,8.110585,0.035,0.3261073,8.36743,380,7.375863
4.3,8.939382,0.035,0.314042,9.11091,381,7.437819
4.3,8.823373,0.035,0.3146232,11.45523,374,7.70891
4.3,9.3401,0.035,0.322872,10.96496,373,7.740664
4.3,10.55688,0.035,0.3298578,9.158873,378,7.457949
4.3,10.50178,0.035,0.3300759,8.584732,383,7.42944
4.3,11.64667,0.035,0.3283423,8.61325,385,7.438724
4.3,8.456638,0.035,0.2953876,10.27082,377,7.533833
4.3,8.669846,0.035,0.3057338,12.42975,360,7.753559
4.3,9.249031,0.035,0.3049182,11.13352,352,7.678139
4.3,11.33505,0.035,0.3030551,9.409269,360,7.512801
4.3,10.65008,0.035,0.3221966,8.766734,371,7.356027
4.3,11.0469,0.035,0.3205791,8.697726,371,7.335413
4.3,10.26549,0.035,0.3361947,8.817924,374,7.348253
4.3,9.665005,0.035,0.3639049,9.36989,376,7.349813
4.3,11.74115,0.035,0.4650121,8.824998,381,7.269329
4.3,12.32029,0.035,0.3875352,8.714176,378,7.345916
4.3,12.6059,0.035,0.3619949,8.453256,379,7.349603
4.3,12.55852,0.035,0.4047215,8.462469,376,7.281184
4.3,12.06671,0.035,0.4614417,9.026713,376,7.253314
4.3,10.88504,0.035,0.3746387,9.962052,376,7.318847
4.3,12.06655,0.035,0.4342865,9.370384,374,7.366523
4.3,12.24248,0.035,0.4097467,9.128568,371,7.342812
4.3,12.10104,0.035,0.3817089,8.808842,368,7.320101
4.3,11.52395,0.035,0.3537077,8.656334,368,7.300737
4.3,19.87767,0.035,0.3426932,9.099627,371,7.287944
4.3,11.82829,0.035,0.346572,9.840549,375,7.361044
4.3,16.27249,0.035,0.3796941,9.633521,379,7.366391
4.3,12.30268,0.035,0.3737698,9.201975,375,7.395512
4.3,10.80713,0.035,0.4028466,8.888145,378,7.393244
4.3,11.04256,0.035,0.397903,8.782603,378,7.402881
4.3,8.816875,0.035,0.3102304,10.80762,379,7.485627
4.3,9.702807,0.035,0.3140817,12.15483,368,7.711919
4.3,11.13328,0.035,0.3776929,10.68835,372,7.627388
4.3,12.20287,0.035,0.437073,9.553134,361,7.385489
4.3,11.51841,0.035,0.4211805,9.253043,371,7.364962
4.3,11.38578,0.035,0.3617088,9.120606,369,7.353577
4.3,17.19148,0.035,0.3122168,10.80728,368,7.399135
4.3,13.75596,0.035,0.3211114,11.78759,358,7.508667
4.3,12.4473,0.035,0.3570175,10.45332,363,7.495654
4.3,12.43154,0.035,0.3719211,9.535558,368,7.457379
4.3,10.97625,0.035,0.3542545,9.553288,370,7.512562
4.3,11.76461,0.035,0.3667351,9.346807,374,7.402024
4.3,10.48838,0.035,0.3150643,10.82795,373,7.416134
4.3,9.884957,0.035,0.3289009,11.81054,363,7.485945
4.3,12.39604,0.035,0.3840947,11.00609,369,7.547736
4.3,13.42623,0.035,0.439742,9.909805,371,7.622828
4.3,13.02948,0.035,0.4208574,9.725083,377,7.637278
4.3,13.45939,0.035,0.373317,9.592459,377,7.584732
4.3,20.2304,0.035,0.3421949,11.35342,375,7.459561
4.3,14.71419,0.035,0.340826,12.37509,357,7.548201
4.3,15.3747,0.035,0.388053,11.01634,361,7.720199
4.3,13.79444,0.035,0.4236391,9.730582,372,7.54526
4.3,12.9247,0.035,0.4473325,9.433371,373,7.574434
4.3,13.45304,0.035,0.4200343,9.327886,373,7.412371
4.3,8.547167,0.035,0.398481,10.79653,371,7.638256
4.3,8.375642,0.035,0.35767,11.79069,350,7.647944
4.3,12.70645,0.035,0.4028444,10.07001,356,7.639178
4.3,16.59994,0.035,0.5115482,9.509961,365,7.349944
4.3,14.23966,0.035,0.4598662,8.220032,385,7.139207
4.3,13.50563,0.035,0.3212168,9.010977,358,7.336908
4.3,12.26676,0.035,0.2983651,11.48441,353,7.57512
4.3,13.48026,0.035,0.3182043,12.65855,353,7.686992
4.3,12.50959,0.035,0.384012,10.51429,351,7.418733
4.3,12.92043,0.035,0.5163028,8.800092,364,7.236868
4.3,11.8776,0.035,0.4656553,8.862329,354,7.370964
4.3,12.50216,0.035,0.405821,9.238253,346,7.376738
4.3,13.00009,0.035,0.3076538,12.33818,348,7.542276
4.3,8.559483,0.035,0.3230397,12.88282,340,7.709061
4.3,13.02216,0.035,0.4119181,10.20803,340,7.385725
4.3,12.20149,0.035,0.4176187,8.87485,348,7.223606
4.3,12.31362,0.035,0.4327691,8.676632,350,7.213209
4.3,13.5464,0.035,0.4337838,8.270432,356,7.193243
4.3,10.29508,0.035,0.3865336,8.608991,354,7.228782
4.3,9.395066,0.035,0.4047699,9.187209,361,7.198216
4.3,12.46502,0.035,0.5999641,8.494421,357,7.171511
4.3,14.22613,0.035,0.6638429,8.214071,357,7.255811
4.3,15.69524,0.035,0.7794084,7.872438,363,7.179373
4.3,17.25734,0.035,1.16275,7.467327,368,7.14124
4.3,18.10642,0.035,0.5532608,8.912148,361,7.114461
4.3,13.30103,0.035,0.4538848,10.40161,352,7.216911
4.3,15.31038,0.035,0.4903567,9.490974,350,7.355481
4.3,16.36547,0.035,0.4493597,8.719859,355,7.4315
4.3,16.21129,0.035,0.511746,8.252451,359,7.374734
4.3,16.1088,0.035,0.457754,8.235696,363,7.348087
4.3,7.719838,0.035,0.3199658,10.91312,353,7.445067
4.3,8.836625,0.035,0.3129327,11.91751,340,7.5932
4.3,12.78473,0.035,0.4226472,9.116844,349,7.406252
4.3,12.89932,0.035,0.4207678,8.532335,356,7.377543
4.3,11.03934,0.035,0.4151783,8.270022,356,7.400986
4.3,12.7747,0.035,0.3894508,8.325046,359,7.379281
4.3,5.324477,0.035,0.2958952,10.53608,348,7.460598
4.3,5.752962,0.035,0.3008488,10.9275,346,7.547357
4.3,11.34365,0.035,0.320677,9.065267,345,7.457652
4.3,12.32528,0.035,0.33605,8.326953,350,7.425764
4.3,11.29311,0.035,0.3356536,8.427547,353,7.460512
4.3,9.930608,0.035,0.3171694,8.393389,355,7.337272
4.3,7.433383,0.035,0.3007725,9.313385,351,7.445269
4.3,8.670014,0.035,0.3033187,9.592326,355,7.583004
4.3,9.45114,0.035,0.3468335,8.524357,361,7.47355
4.3,10.0914,0.035,0.3201605,8.109283,360,7.444242
4.3,11.57184,0.035,0.3689447,7.885928,363,7.39266
4.3,12.59376,0.035,0.3144858,7.933626,364,7.404361
4.3,7.26403,0.035,0.2786578,10.44914,356,7.491893
4.3,4.590028,0.035,0.2861316,11.17559,342,7.680324
4.3,8.660275,0.035,0.2993459,9.372042,347,7.535831
4.3,12.90128,0.035,0.293134,8.435747,350,7.44063
4.3,11.76029,0.035,0.3386461,8.129838,361,7.417678
4.3,10.41921,0.035,0.3161181,8.31525,362,7.412846
4.3,4.947996,0.035,0.2791551,10.52087,348,7.433219
4.3,4.506383,0.035,0.2881294,11.00965,343,7.515523
4.3,8.276398,0.035,0.2956634,9.233029,340,7.4375
4.3,11.26556,0.035,0.3000455,8.581139,346,7.397414
4.3,10.75683,0.035,0.3165209,8.14433,353,7.344885
4.3,8.875398,0.035,0.3010546,8.263442,356,7.394034
4.3,4.059725,0.035,0.2701814,11.18803,339,7.595293
4.3,4.801397,0.035,0.5739561,11.18803,335,7.7163
4.3,7.507354,0.035,0.6011523,11.18803,337,7.469003
4.3,7.529661,0.035,0.5947297,11.18803,339,7.40861
4.3,9.182584,0.035,0.6328009,11.18803,348,7.423902
4.3,8.642977,0.035,0.614085,11.18803,355,7.302471
4.3,5.25882,0.035,0.6028292,11.18803,349,7.533735
4.3,5.268403,0.035,0.6098205,11.18803,352,7.569931
4.3,6.893589,0.035,0.632042,11.18803,344,7.46873
4.3,8.535032,0.035,0.6488756,11.18803,346,7.423769
4.3,8.226798,0.035,0.6447849,11.18803,353,7.361117
4.3,9.081469,0.035,0.6314157,11.18803,351,7.318505
4.3,9.80612,0.035,0.6134509,11.18803,348,7.424666
4.3,12.24815,0.035,0.6266716,11.18803,355,7.467054
4.3,9.125119,0.035,0.6487338,11.18803,349,7.379645
4.3,7.404335,0.035,0.6504748,11.18803,350,7.305404
4.3,8.773735,0.035,0.6417486,11.18803,356,7.277937
4.3,8.879933,0.035,0.6506556,11.18803,356,7.238602
4.3,8.413762,0.035,0.6225731,11.27427,354,7.384045
4.3,10.34727,0.035,0.6331902,11.53277,350,7.543238
4.3,15.82236,0.035,0.6528116,9.034807,352,7.441163
4.3,15.71474,0.035,0.662109,8.419312,353,7.405096
4.3,16.50889,0.035,0.6585868,8.188888,356,7.415145
4.3,16.76387,0.035,0.6508399,8.384445,357,7.298478
4.3,14.26938,0.035,0.6106902,10.97623,348,7.464678
4.3,15.42455,0.035,0.6209913,11.35975,352,7.55993
4.3,15.22205,0.035,0.6474082,8.83617,349,7.339429
4.3,16.90467,0.035,0.7066557,8.258899,360,7.235456
4.3,17.65788,0.035,0.7331565,7.42086,381,7.125636
4.3,16.0798,0.035,0.656615,7.742129,348,7.163913
4.3,16.14735,0.035,0.6299885,10.43457,346,7.365032
4.3,20.02428,0.035,0.6535137,10.04346,354,7.419898
4.3,18,0.035,0.66,8.6,353,7.4
4.3,17,0.035,0.65,8.5,352,7.35
4.3,16,0.035,0.66,8.4,351,7.3
4.3,16,0.035,0.65,8.3,350,7.22
4.3,15,0.035,0.66,8.2,349,7.18
4.3,14.94199,0.035,0.6645758,8.106517,349,7.173751
4.8,20.59332,0.035,0.7990177,8.693018,355,7.347493
4.8,31.44855,0.035,1.086441,7.381235,365,7.22622
4.8,18.41378,0.035,0.9190282,7.276567,365,7.221784
4.8,19.48547,0.035,0.8572036,7.30549,366,7.237254
4.8,21.25066,0.035,0.7867933,8.838643,365,7.205167
4.8,25.50419,0.035,0.806676,9.620332,364,7.286738
4.8,31.10188,0.035,0.8845862,8.64378,361,7.266341
4.8,35.53503,0.035,0.942085,7.701566,364,7.247779
4.8,23.58088,0.035,0.8715893,7.466039,369,7.25747
4.8,21.11672,0.035,0.8416458,7.410585,368,7.235254
4.8,20.71437,0.035,0.7885472,9.087119,361,7.288087
4.8,15.55674,0.035,0.7869263,10.48941,364,7.419806
4.8,16.56865,0.035,0.8295878,8.915069,357,7.312224
4.8,17.1223,0.035,0.836745,7.874373,354,7.249841
4.8,17.37304,0.035,0.8088045,7.44544,358,7.220247
4.8,19.11291,0.035,0.8003523,7.242226,354,7.194029
4.8,12.74905,0.035,0.7578926,9.076732,349,7.283525
4.8,13.03008,0.035,0.7807909,9.641647,348,7.335285
4.8,16.9168,0.035,0.870198,7.954878,357,7.179503
4.8,17.62389,0.035,1.187284,6.893559,356,7.105416
4.8,16.64554,0.035,1.676066,6.204072,352,7.020377
4.8,17.88393,0.035,2.572958,5.865185,352,6.998752
5.8,23.35342,0.035,3.194803,6.210371,353,6.99497
5.8,28.53609,0.035,5.139894,5.488973,377,6.900859
5.8,23.86618,0.035,10.54799,4.234746,313,6.888029
5.8,22.00674,0.035,9.54184,3.720055,356,6.937722
5.8,16.29693,0.035,9.275679,3.07871,381,6.984287
5.8,14.88398,0.035,8.432474,2.819434,381,6.991727
5.2,15.7026,0.181,5.193459,4.210317,372,7.048403
5.2,16.97999,0.181,4.458483,6.786943,381,7.024998
5.5,13.78183,0.198,5.281318,5.811016,389,7.017451
5.5,13.00205,0.177,5.556341,5.337315,389,7.021418
5.5,12.82001,0.132,4.609879,5.327478,386,7.062618
5.5,12.0106,0.139,4.43551,6.024072,394,7.06143
5.5,11.29982,0.152,4.187006,6.526974,392,6.982199
5.5,11.09176,0.159,3.291153,7.496414,359,7.000474
5.5,11.23418,0.139,3.691039,6.914243,359,7.047121
5.5,12.1914,0.194,7.888931,4.703322,409,7.001282
5.5,8.626171,0.142,6.353466,4.230868,405,6.979743
5.5,9.047315,0.097,2.926273,5.252554,362,6.998414
5.5,14.14287,0.115,1.556186,7.135452,365,7.109062
5.5,16.96954,0.129,1.385466,7.9005,365,7.146903
5.5,20.64146,0.154,2.279093,6.977288,382,7.053747
5.5,10.6908,0.108,2.498257,6.443395,383,7.034224
5.5,6.99118,0.102,2.402879,5.942445,382,7.008435
5.5,7.165216,0.101,1.912081,6.076992,380,6.996689
5.5,14.76705,0.15,1.139518,7.092016,372,7.045748
5.5,6.468322,0.111,1.073048,7.95735,369,7.057664
5.5,5.793066,0.1,1.508221,7.185719,371,6.994759
5.5,5.728831,0.101,1.616112,6.468882,368,6.949091
5.5,6.296686,0.107,1.472292,5.945148,372,6.966564
5.5,5.877548,0.09,1.11862,6.322356,363,6.973349
5.5,15.27491,0.09,0.7556151,7.211399,358,7.063237
5.5,9.029886,0.09,0.7327115,7.791908,352,7.112491
5.5,22.07458,0.09,0.7613446,7.302613,352,7.130708
5.5,27.10713,0.09,0.8268706,6.869161,357,7.090316
5.5,8.197783,0.099,2.45785,5.77406,371,6.950006
5.5,7.721979,0.113,1.87824,5.576061,369,6.924186
5.5,11.50756,0.113,0.8104784,7.176468,354,7.0647
5.5,9.193557,0.113,0.7580482,7.804215,346,7.14724
5.5,9.959109,0.113,1.04107,6.481028,353,7.049312
5.5,10.22935,0.113,0.8365768,6.642303,349,7.111463
5.5,8.294932,0.087,0.9363812,6.281732,357,7.058982
5.5,8.222673,0.086,0.754298,6.631017,360,7.099175
5.5,20.15191,0.086,0.7107814,7.668221,353,7.151575
5.5,18.45731,0.086,0.7090992,8.088992,349,7.206629
5.5,31.56413,0.086,0.7470171,7.086544,352,7.175607
5.5,10.04388,0.086,0.7366875,6.789145,349,7.175657
5.5,6.959817,0.086,0.7711592,5.881102,358,7.110499
5.5,6.354213,0.078,0.8650491,6.24914,372,7.026424
5.5,12.70459,0.078,0.9036293,5.433591,390,7.035381
5.5,12.5466,0.078,0.9035241,6.560934,390,7.028541
5.5,13.01009,0.078,0.78982,6.570561,358,7.077151
5.5,8.795028,0.078,0.758911,6.524046,355,7.137848
5.5,9.032013,0.078,0.755879,6.230795,359,7.126531
5.5,11.18243,0.078,0.7426053,6.379817,359,7.133424
5.5,6.368172,0.078,0.7140628,7.875757,352,7.218437
5.5,71.38087,0.078,0.7470418,7.053058,356,7.163941
5.5,50.51403,0.078,0.7496859,6.876825,344,7.196078
5.5,15.47527,0.078,1.025834,5.638098,385,7.045155
5.5,13.79821,0.081,0.9635099,4.124016,416,6.972272
5.5,14.91461,0.087,0.7343633,5.551542,355,7.114688
5.5,23.26122,0.087,0.6320482,7.695014,331,7.254375
5.5,12.92551,0.087,0.6579212,8.411052,329,7.329419
5.5,10.46612,0.087,0.7512152,7.009827,348,7.185801
5.5,13.99209,0.087,0.751806,6.273075,356,7.14039
5.5,11.53959,0.087,0.7558931,6.009534,358,7.144765
5.5,31.03698,0.087,0.3700413,6.645544,360,7.858177
5.5,21.40448,0.087,0.3693208,8.317385,355,8.001415
5.5,20.48836,0.087,0.3834386,7.660133,361,8.016407
5.5,34.53188,0.087,0.3832985,6.596439,353,7.967125
5.5,11.19759,0.087,0.3845183,6.13029,358,7.926449
5.5,17.00999,0.087,0.3831432,5.997558,361,7.912638
5.5,38.16903,0.087,0.3602052,6.992682,359,7.939466
5.5,11.59802,0.087,0.3689722,8.910817,358,8.080143
5.5,43.1385,0.087,0.3746449,7.86001,348,8.060823
5.5,32.27321,0.087,0.3560788,7.028033,326,8.057482
5.5,11.51994,0.087,0.3479358,6.994978,327,8.083133
5.5,12.33766,0.087,0.3436607,7.287766,326,8.104219
5.5,9.664893,0.087,0.343099,9.068207,322,8.281248
5.5,9.92972,0.087,0.3690982,10.34144,324,8.496138
5.5,10.15348,0.087,0.3751528,8.819537,319,8.32588
5.5,11.69505,0.087,0.3851115,7.063944,318,8.120743
5.5,13.77078,0.087,0.352165,6.89738,320,8.087784
5.5,13.37371,0.087,0.3511677,7.016246,321,8.100161
5.5,10.14955,0.087,0.3470868,8.767006,317,8.226875
5.5,9.05416,0.087,0.3739947,10.22634,323,8.462475
5.5,8.787681,0.087,0.3642847,8.516453,317,8.31567
5.5,19.19663,0.087,0.3638526,7.154952,313,8.162485
5.5,24.90677,0.087,0.3584212,7.116508,323,8.129122
5.5,82.09664,0.087,0.3435608,6.584442,318,8.04282
5.5,17.56951,0.087,0.3354285,8.160268,318,8.131105
5.5,15.28746,0.087,0.3436543,8.93704,314,8.189221
5.5,12.26982,0.087,0.3468308,7.649943,311,8.107704
5.5,13.03184,0.087,0.353837,6.652029,317,8.04146
5.5,14.1913,0.087,0.3629473,6.319877,319,7.993087
5.5,15.11467,0.087,0.339882,6.336792,319,8.001225
5.5,39.3541,0.087,0.338367,6.791571,322,8.005575
5.5,69.99368,0.087,0.3357678,6.838049,323,8.008785
5.5,61.36988,0.087,0.3372261,6.775281,321,8.04427
5.5,34.66671,0.087,0.3251595,6.891687,316,8.050652
5.5,23.66499,0.087,0.3279892,6.398898,317,8.011486
5.5,55.80873,0.087,0.3202522,6.513766,317,8.018046
5.5,12.9989,0.087,0.3080466,8.460512,312,8.132386
5.5,13.34923,0.087,0.3200891,9.40496,310,8.247629
5.5,25.90337,0.087,0.3244697,7.868426,303,8.168552
5.5,64.84396,0.087,0.3326349,7.193268,303,8.129229
5.5,40.33384,0.087,0.3364923,6.421395,313,8.045979
5.5,27.1991,0.087,0.3332904,6.120628,319,7.986841
5.5,13.27873,0.087,0.318154,8.445577,317,8.147322
5.5,13.5862,0.087,0.3256296,9.56826,315,8.290335
5.5,14.63278,0.087,0.3354439,7.836599,314,8.148182
5.5,99.25925,0.087,0.336845,6.648529,316,8.105127
5.5,45.52193,0.087,0.3296134,6.093365,320,8.039457
5.5,17.59238,0.087,0.3289041,6.276914,320,8.005623
5.5,13.8532,0.087,0.3241382,8.269449,313,8.187302
5.5,14.34104,0.087,0.3759689,8.623007,333,8.052903
5.5,10.96723,0.087,0.4204021,7.156135,331,7.954608
5.5,50.76845,0.087,0.4733874,5.732864,334,7.847559
5.5,25.22521,0.087,0.3753572,5.274161,332,7.881524
5.5,32.30542,0.087,0.3488956,5.575658,330,7.89823
5.5,18.14968,0.087,0.3471779,7.895454,332,8.049946
4.8,17.25599,0.087,0.5824003,8.795946,344,8.129501
4.8,13.19973,0.087,0.5891262,6.79541,340,7.96487
4.8,35.78448,0.087,0.5794611,5.798175,334,7.917938
4.8,36.50362,0.087,0.5662887,5.577444,333,7.866858
4.8,18.8907,0.087,0.5626692,5.461595,331,7.851247
4.8,11.78852,0.087,0.5639254,7.394456,337,7.980447
4.8,10.5546,0.087,0.5713086,7.704433,340,8.010015
4.8,9.781515,0.087,0.5824208,6.005159,338,7.909315
4.8,37.92163,0.087,0.5687407,5.191943,337,7.832062
4.8,14.61127,0.087,0.6244345,4.614136,341,7.762417
4.8,12.63482,0.087,0.5622277,4.648166,334,7.797956
4.8,10.57295,0.087,0.5558992,5.495747,333,7.834857
4.8,11.89528,0.087,0.5779121,6.124103,334,7.845143
4.8,8.803491,0.087,0.5992807,5.389076,335,7.794055
4.8,9.98259,0.087,0.5915217,4.831628,331,7.781182
4.8,10.59104,0.087,0.5968137,4.518236,333,7.778981
4.8,12.99674,0.087,0.605968,4.725376,334,7.78015
4.8,11.18285,0.087,0.5700766,6.150967,334,7.87845
4.8,14.41914,0.087,0.5550527,5.993493,328,7.829286
4.8,9.210205,0.087,0.597598,5.453482,334,7.75176
4.8,19.5428,0.087,0.6154647,5.346723,323,7.747127
4.8,26.83249,0.087,7.659094,3.931136,324,7.682765
4.8,18.14769,0.087,6.109883,4.834034,289,7.636416
4.8,15.00044,0.087,5.207459,4.466103,318,7.668171
4.8,14.9511,0.087,6.828305,3.858384,363,7.772062
4.8,13.29407,0.087,5.690586,3.310455,364,7.772904
4.8,21.90347,0.087,6.991819,2.548148,382,7.809218
4.8,16.1311,0.087,8.470696,1.511345,392,7.831265
4.8,20.65066,0.087,6.026402,2.729008,371,7.77531
4.8,11.92683,0.087,3.638668,4.805869,349,7.722339
4.8,8.238346,0.087,5.311376,3.980222,353,7.776077
4.8,7.8799,0.087,5.695202,2.873504,357,7.78659
4.8,11.17548,0.087,6.578833,2.544875,360,7.822833
4.8,6.04605,0.087,6.928532,1.955407,369,7.810917
4.8,7.705546,0.087,4.169759,3.025787,348,7.752277
4.8,7.596042,0.087,1.549034,5.149511,337,7.682349
4.8,7.941967,0.087,0.9827036,5.777294,338,7.668778
4.8,11.09647,0.087,1.989068,4.070347,348,7.712029
4.8,28.54476,0.087,1.603212,4.303886,341,7.726914
4.8,9.383154,0.087,1.92196,3.928937,349,7.72305
4.8,9.510012,0.087,1.159527,4.247673,343,7.699246
4.8,7.877236,0.087,0.6527994,6.02743,341,7.741602
4.8,7.570591,0.087,0.6138834,6.793516,351,7.791679
4.8,6.579219,0.087,0.6320254,5.233627,338,7.739683
4.8,7.875627,0.087,0.6769645,5.012814,336,7.742609
4.8,8.051602,0.087,0.7009351,4.380273,339,7.731163
4.8,8.950849,0.087,0.5983037,4.773508,341,7.758098
4.8,9.888811,0.087,0.5663061,6.545514,346,7.882551
4.8,9.222044,0.087,0.5804959,7.209643,346,7.901779
4.8,8.861411,0.087,0.6326224,5.32644,349,7.774391
4.8,8.32674,0.087,0.6783774,4.862134,345,7.751266
4.8,9.901683,0.087,0.6805925,4.713676,340,7.747638
4.8,10.6917,0.087,0.5913153,5.200958,339,7.76141
4.8,8.827917,0.087,0.5571476,7.46145,336,7.875944
4.8,10.24356,0.087,0.5795451,7.850542,347,7.904917
4.8,9.758862,0.087,0.611645,5.467238,339,7.783153
4.8,12.36407,0.087,0.6687803,4.741843,337,7.729123
4.8,9.957358,0.087,0.747883,4.121279,338,7.704497
4.8,11.27361,0.087,0.629083,4.639003,338,7.818388
4.8,9.586249,0.087,0.5781869,7.460686,341,7.902656
4.8,8.950121,0.087,0.5936311,7.672134,349,8.001254
4.8,9.06693,0.087,0.6236986,5.176049,342,7.771849
4.8,8.949929,0.087,0.6222253,4.378736,335,7.739529
4.8,31.35612,0.087,0.6210725,4.107986,335,7.72016
4.8,13.2988,0.087,0.5823734,4.473418,335,7.726982
4.8,12.63815,0.087,0.5605918,7.44354,336,7.876454
4.8,13.11849,0.087,0.5572118,7.574052,342,7.961863
4.8,9.559163,0.087,0.6325071,4.375174,338,7.760042
4.8,51.09669,0.087,0.6645685,4.60742,330,7.753855
4.8,19.06104,0.087,0.8079613,3.335818,361,7.694582
4.8,23.87928,0.087,0.6106117,3.812686,337,7.71801
4.8,18.11881,0.087,0.5505606,6.263666,330,7.802695
4.8,17.09325,0.087,0.5577039,5.610127,329,7.796958
4.8,32.5771,0.087,0.5659829,4.963991,329,7.771285
4.8,33.97292,0.087,0.6860762,4.478843,323,7.726052
4.8,21.18464,0.087,0.7501742,3.732992,322,7.717849
4.8,16.07353,0.087,0.5766476,4.646577,320,7.735004
4.8,19.48476,0.087,0.5530974,7.157887,328,7.89549
4.8,71.05631,0.087,0.5493584,6.55949,335,7.890283
4.8,56.42035,0.087,0.5685377,5.400523,328,7.78024
4.8,91.89719,0.087,0.6064326,4.423095,325,7.754581
4.8,31.88434,0.087,0.6472803,4.163712,330,7.729222
4.8,22.61258,0.087,0.5892575,4.4763,329,7.748677
4.8,31.48916,0.087,0.5449046,6.984606,334,7.919355
4.8,17.5638,0.087,0.5573384,7.775317,340,7.989802
4.8,30.18249,0.087,0.5967817,5.101863,336,7.788816
4.8,34.90479,0.087,0.6852752,3.949944,331,7.744527
4.8,27.05725,0.087,0.7397912,3.637164,323,7.724783
4.8,23.87713,0.087,0.593622,4.57812,320,7.723294
4.8,19.31871,0.087,0.559402,7.287588,333,7.88892
4.8,14.50735,0.087,0.5726519,7.5616,338,7.894056
4.8,15.19206,0.087,0.6408684,4.294979,338,7.737493
4.8,12.81786,0.087,0.8049154,3.203871,338,7.69864
4.8,13.41583,0.087,0.9474208,2.674424,331,7.671094
4.8,13.34796,0.087,0.6813102,3.0662,329,7.656968
4.8,17.02746,0.087,0.6046953,4.396077,328,7.695402
4.8,16.8185,0.087,0.6208264,4.217409,324,7.686217
4.8,14.63724,0.087,1.004324,3.538188,332,7.66608
4.8,14.86596,0.087,1.386225,2.701996,330,7.675323
4.8,14.61968,0.087,1.873052,2.454353,330,7.691605
4.8,15.59574,0.087,1.424221,2.852821,330,7.676446
4.8,18.0585,0.087,0.6440299,5.494584,335,7.720898
4.8,18.14572,0.087,0.6078198,6.074498,340,7.762946
4.8,14.95414,0.087,0.8288248,3.250422,334,7.67503
4.8,14.07267,0.087,0.8593975,3.411122,334,7.683562
4.8,23.83226,0.087,1.441822,1.350165,375,7.659274
4.8,32.70686,0.087,1.412677,1.798638,331,7.664139
4.8,18.90068,0.087,0.6447459,5.42777,331,7.763742
4.8,21.17896,0.087,0.6224563,5.755696,338,7.790746
4.8,14.34281,0.087,1.040581,2.479833,344,7.685648
4.8,11.51749,0.087,1.341009,2.144831,344,7.69348
4.8,13.32654,0.087,1.424978,1.569645,340,7.667569
4.8,13.72575,0.087,1.096872,2.092792,335,7.64027
4.8,22.50833,0.087,0.6206642,4.974491,340,7.744566
4.8,24.58522,0.087,0.6124104,5.868669,331,7.783503
4.8,15.69129,0.087,0.9245958,2.181783,324,7.673271
4.8,9.978636,0.087,1.267784,1.295876,322,7.674056
4.8,32.53032,0.087,1.389561,1.065872,323,7.686997
4.8,18.0347,0.087,1.259946,1.201885,320,7.680233
4.8,50.38888,0.087,0.9186569,2.513373,323,7.660263
4.8,35.56461,0.087,0.8151377,2.733919,321,7.651339
4.8,33.92768,0.087,0.9405223,2.571258,320,7.655985
4.8,53.67767,0.087,1.195868,1.890062,326,7.676208
4.8,15.42901,0.087,1.361567,1.680984,326,7.675257
4.8,20.56066,0.087,1.088452,2.279854,323,7.66832
4.8,39.88115,0.087,0.6449796,4.238201,322,7.670193
